Aug 25, 2025 4:42:34 PM org.jline.utils.Log logr
WARNING: Unable to create a system terminal, creating a dumb terminal (enable debug logging for more information)
[main] WARNING org.jline - Unable to create a system terminal, creating a dumb terminal (enable debug logging for more information)
Apache Maven Daemon (mvnd) 1.0.2 windows-amd64 native client (cccc1ec8a5b741c62b29f9fb04d37b1678a029bb)
Terminal: org.jline.terminal.impl.DumbTerminal
Apache Maven 3.9.9 (8e8579a9e76f7d015ee5ec7bfcdc97d260186937)
Maven home: C:\Program Files\maven-mvnd-1.0.2-windows-amd64\mvn
Java version: 24.0.2, vendor: Oracle Corporation, runtime: C:\Program Files\Java\jdk-24
Default locale: en_IN, platform encoding: UTF-8
OS name: "windows 11", version: "10.0", arch: "amd64", family: "windows"
[DEBUG] Reading global settings from C:\Program Files\maven-mvnd-1.0.2-windows-amd64\mvn\conf\settings.xml
[DEBUG] Reading user settings from C:\Users\Vy-Ventures\.m2\settings.xml
[DEBUG] Reading global toolchains from C:\Program Files\maven-mvnd-1.0.2-windows-amd64\mvn\conf\toolchains.xml
[DEBUG] Reading user toolchains from C:\Users\Vy-Ventures\.m2\toolchains.xml
[INFO] Error stacktraces are turned on.
[DEBUG] Message scheme: plain
[INFO] Processing build on daemon 46612069
[DEBUG] Using local repository at C:\Users\Vy-Ventures\.m2\repository
[DEBUG] Using manager EnhancedLocalRepositoryManager with priority 10.0 for C:\Users\Vy-Ventures\.m2\repository
[INFO] Scanning for projects...
[DEBUG] Extension realms for project com.example:backend:jar:0.0.1-SNAPSHOT: (none)
[DEBUG] Looking up lifecycle mappings for packaging jar from ClassRealm[plexus.core, parent: null]
[DEBUG] Creating adapter using nameMapper 'file-gav' and factory 'file-lock'
[DEBUG] Extension realms for project org.springframework.boot:spring-boot-starter-parent:pom:3.5.5: (none)
[DEBUG] Looking up lifecycle mappings for packaging pom from ClassRealm[plexus.core, parent: null]
[DEBUG] Extension realms for project org.springframework.boot:spring-boot-dependencies:pom:3.5.5: (none)
[DEBUG] Looking up lifecycle mappings for packaging pom from ClassRealm[plexus.core, parent: null]
[INFO] BuildTimeEventSpy is registered.
[DEBUG] Resolving plugin prefix spring-boot from [org.apache.maven.plugins, org.codehaus.mojo]
[DEBUG] Resolved plugin prefix spring-boot to org.springframework.boot:spring-boot-maven-plugin from POM com.example:backend:jar:0.0.1-SNAPSHOT
[DEBUG] === REACTOR BUILD PLAN ================================================
[DEBUG] Project: com.example:backend:jar:0.0.1-SNAPSHOT
[DEBUG] Tasks:   [spring-boot:run]
[DEBUG] Style:   Regular
[DEBUG] =======================================================================
[INFO] 
[INFO] Using the SmartBuilder implementation with a thread count of 3
[DEBUG] Task segments : [[spring-boot:run]]
[DEBUG] Build maximum degree of concurrency is 3
[DEBUG] Total number of projects is 1
[DEBUG] Ready com.example:backend
[DEBUG] STARTED build of project com.example:backend
[INFO] 
[INFO] ------------------------< com.example:backend >-------------------------
[INFO] Building backend 0.0.1-SNAPSHOT
[INFO]   from pom.xml
[INFO] --------------------------------[ jar ]---------------------------------
[DEBUG] Resolving plugin prefix spring-boot from [org.apache.maven.plugins, org.codehaus.mojo]
[DEBUG] Resolved plugin prefix spring-boot to org.springframework.boot:spring-boot-maven-plugin from POM com.example:backend:jar:0.0.1-SNAPSHOT
[DEBUG] Lifecycle clean -> [pre-clean, clean, post-clean]
[DEBUG] Lifecycle default -> [validate, initialize, generate-sources, process-sources, generate-resources, process-resources, compile, process-classes, generate-test-sources, process-test-sources, generate-test-resources, process-test-resources, test-compile, process-test-classes, test, prepare-package, package, pre-integration-test, integration-test, post-integration-test, verify, install, deploy]
[DEBUG] Lifecycle site -> [pre-site, site, post-site, site-deploy]
[DEBUG] Lifecycle clean -> [pre-clean, clean, post-clean]
[DEBUG] Lifecycle default -> [validate, initialize, generate-sources, process-sources, generate-resources, process-resources, compile, process-classes, generate-test-sources, process-test-sources, generate-test-resources, process-test-resources, test-compile, process-test-classes, test, prepare-package, package, pre-integration-test, integration-test, post-integration-test, verify, install, deploy]
[DEBUG] Lifecycle site -> [pre-site, site, post-site, site-deploy]
[DEBUG] === PROJECT BUILD PLAN ================================================
[DEBUG] Project:       com.example:backend:0.0.1-SNAPSHOT
[DEBUG] Dependencies (collect): []
[DEBUG] Dependencies (resolve): [test]
[DEBUG] Repositories (dependencies): [central (https://repo.maven.apache.org/maven2, default, releases)]
[DEBUG] Repositories (plugins)     : [central (https://repo.maven.apache.org/maven2, default, releases)]
[DEBUG] --- init fork of com.example:backend:0.0.1-SNAPSHOT for org.springframework.boot:spring-boot-maven-plugin:3.5.5:run (default-cli) ---
[DEBUG] Dependencies (collect): []
[DEBUG] Dependencies (resolve): [compile, test]
[DEBUG] -----------------------------------------------------------------------
[DEBUG] Goal:          org.apache.maven.plugins:maven-resources-plugin:3.3.1:resources (default-resources)
[DEBUG] Style:         Regular
[DEBUG] Configuration: <?xml version="1.0" encoding="UTF-8"?>
<configuration>
  <addDefaultExcludes default-value="true"/>
  <buildFilters default-value="${project.build.filters}"/>
  <delimiters>
    <delimiter>@</delimiter>
  </delimiters>
  <encoding default-value="${project.build.sourceEncoding}"/>
  <escapeWindowsPaths default-value="true"/>
  <fileNameFiltering default-value="false"/>
  <includeEmptyDirs default-value="false"/>
  <outputDirectory default-value="${project.build.outputDirectory}"/>
  <overwrite default-value="false"/>
  <project default-value="${project}"/>
  <propertiesEncoding>UTF-8</propertiesEncoding>
  <resources default-value="${project.resources}"/>
  <session default-value="${session}"/>
  <skip default-value="false">${maven.resources.skip}</skip>
  <supportMultiLineFiltering default-value="false"/>
  <useBuildFilters default-value="true"/>
  <useDefaultDelimiters default-value="true">false</useDefaultDelimiters>
</configuration>
[DEBUG] -----------------------------------------------------------------------
[DEBUG] Goal:          org.apache.maven.plugins:maven-compiler-plugin:3.14.0:compile (default-compile)
[DEBUG] Style:         Regular
[DEBUG] Configuration: <?xml version="1.0" encoding="UTF-8"?>
<configuration>
  <annotationProcessorPathsUseDepMgmt default-value="false"/>
  <basedir default-value="${basedir}"/>
  <buildDirectory default-value="${project.build.directory}"/>
  <compilePath default-value="${project.compileClasspathElements}"/>
  <compileSourceRoots default-value="${project.compileSourceRoots}"/>
  <compilerId default-value="javac">${maven.compiler.compilerId}</compilerId>
  <compilerReuseStrategy default-value="${reuseCreated}">${maven.compiler.compilerReuseStrategy}</compilerReuseStrategy>
  <compilerVersion>${maven.compiler.compilerVersion}</compilerVersion>
  <createMissingPackageInfoClass default-value="true">${maven.compiler.createMissingPackageInfoClass}</createMissingPackageInfoClass>
  <debug default-value="true">${maven.compiler.debug}</debug>
  <debugFileName default-value="javac"/>
  <debuglevel>${maven.compiler.debuglevel}</debuglevel>
  <enablePreview default-value="false">${maven.compiler.enablePreview}</enablePreview>
  <encoding default-value="${project.build.sourceEncoding}">${encoding}</encoding>
  <executable>${maven.compiler.executable}</executable>
  <failOnError default-value="true">${maven.compiler.failOnError}</failOnError>
  <failOnWarning default-value="false">${maven.compiler.failOnWarning}</failOnWarning>
  <fileExtensions default-value="class,jar"/>
  <forceJavacCompilerUse default-value="false">${maven.compiler.forceJavacCompilerUse}</forceJavacCompilerUse>
  <forceLegacyJavacApi default-value="false">${maven.compiler.forceLegacyJavacApi}</forceLegacyJavacApi>
  <fork default-value="false">${maven.compiler.fork}</fork>
  <generatedSourcesDirectory default-value="${project.build.directory}/generated-sources/annotations"/>
  <implicit>${maven.compiler.implicit}</implicit>
  <maxmem>${maven.compiler.maxmem}</maxmem>
  <meminitial>${maven.compiler.meminitial}</meminitial>
  <moduleVersion default-value="${project.version}">${maven.compiler.moduleVersion}</moduleVersion>
  <mojoExecution default-value="${mojoExecution}"/>
  <optimize default-value="false">${maven.compiler.optimize}</optimize>
  <outputDirectory default-value="${project.build.outputDirectory}">${maven.compiler.outputDirectory}</outputDirectory>
  <outputTimestamp default-value="${project.build.outputTimestamp}"/>
  <parameters default-value="false">true</parameters>
  <proc>${maven.compiler.proc}</proc>
  <project default-value="${project}"/>
  <projectArtifact default-value="${project.artifact}"/>
  <release>${maven.compiler.release}</release>
  <session default-value="${session}"/>
  <showCompilationChanges default-value="false">${maven.compiler.showCompilationChanges}</showCompilationChanges>
  <showDeprecation default-value="false">${maven.compiler.showDeprecation}</showDeprecation>
  <showWarnings default-value="true">${maven.compiler.showWarnings}</showWarnings>
  <skipMain>${maven.main.skip}</skipMain>
  <skipMultiThreadWarning default-value="false">${maven.compiler.skipMultiThreadWarning}</skipMultiThreadWarning>
  <source default-value="1.8">${maven.compiler.source}</source>
  <staleMillis default-value="0">${lastModGranularityMs}</staleMillis>
  <target default-value="1.8">${maven.compiler.target}</target>
  <useIncrementalCompilation default-value="true">${maven.compiler.useIncrementalCompilation}</useIncrementalCompilation>
  <verbose default-value="false">${maven.compiler.verbose}</verbose>
</configuration>
[DEBUG] -----------------------------------------------------------------------
[DEBUG] Goal:          org.apache.maven.plugins:maven-resources-plugin:3.3.1:testResources (default-testResources)
[DEBUG] Style:         Regular
[DEBUG] Configuration: <?xml version="1.0" encoding="UTF-8"?>
<configuration>
  <addDefaultExcludes default-value="true"/>
  <buildFilters default-value="${project.build.filters}"/>
  <delimiters>
    <delimiter>@</delimiter>
  </delimiters>
  <encoding default-value="${project.build.sourceEncoding}"/>
  <escapeWindowsPaths default-value="true"/>
  <fileNameFiltering default-value="false"/>
  <includeEmptyDirs default-value="false"/>
  <outputDirectory default-value="${project.build.testOutputDirectory}"/>
  <overwrite default-value="false"/>
  <project default-value="${project}"/>
  <propertiesEncoding>UTF-8</propertiesEncoding>
  <resources default-value="${project.testResources}"/>
  <session default-value="${session}"/>
  <skip default-value="false">${maven.test.skip}</skip>
  <supportMultiLineFiltering default-value="false"/>
  <useBuildFilters default-value="true"/>
  <useDefaultDelimiters default-value="true">false</useDefaultDelimiters>
</configuration>
[DEBUG] -----------------------------------------------------------------------
[DEBUG] Goal:          org.apache.maven.plugins:maven-compiler-plugin:3.14.0:testCompile (default-testCompile)
[DEBUG] Style:         Regular
[DEBUG] Configuration: <?xml version="1.0" encoding="UTF-8"?>
<configuration>
  <annotationProcessorPathsUseDepMgmt default-value="false"/>
  <basedir default-value="${basedir}"/>
  <buildDirectory default-value="${project.build.directory}"/>
  <compileSourceRoots default-value="${project.testCompileSourceRoots}"/>
  <compilerId default-value="javac">${maven.compiler.compilerId}</compilerId>
  <compilerReuseStrategy default-value="${reuseCreated}">${maven.compiler.compilerReuseStrategy}</compilerReuseStrategy>
  <compilerVersion>${maven.compiler.compilerVersion}</compilerVersion>
  <createMissingPackageInfoClass default-value="true">${maven.compiler.createMissingPackageInfoClass}</createMissingPackageInfoClass>
  <debug default-value="true">${maven.compiler.debug}</debug>
  <debugFileName default-value="javac-test"/>
  <debuglevel>${maven.compiler.debuglevel}</debuglevel>
  <enablePreview default-value="false">${maven.compiler.enablePreview}</enablePreview>
  <encoding default-value="${project.build.sourceEncoding}">${encoding}</encoding>
  <executable>${maven.compiler.executable}</executable>
  <failOnError default-value="true">${maven.compiler.failOnError}</failOnError>
  <failOnWarning default-value="false">${maven.compiler.failOnWarning}</failOnWarning>
  <fileExtensions default-value="class,jar"/>
  <forceJavacCompilerUse default-value="false">${maven.compiler.forceJavacCompilerUse}</forceJavacCompilerUse>
  <forceLegacyJavacApi default-value="false">${maven.compiler.forceLegacyJavacApi}</forceLegacyJavacApi>
  <fork default-value="false">${maven.compiler.fork}</fork>
  <generatedTestSourcesDirectory default-value="${project.build.directory}/generated-test-sources/test-annotations"/>
  <implicit>${maven.compiler.implicit}</implicit>
  <maxmem>${maven.compiler.maxmem}</maxmem>
  <meminitial>${maven.compiler.meminitial}</meminitial>
  <mojoExecution default-value="${mojoExecution}"/>
  <optimize default-value="false">${maven.compiler.optimize}</optimize>
  <outputDirectory default-value="${project.build.testOutputDirectory}"/>
  <outputTimestamp default-value="${project.build.outputTimestamp}"/>
  <parameters default-value="false">true</parameters>
  <proc>${maven.compiler.proc}</proc>
  <project default-value="${project}"/>
  <release>${maven.compiler.release}</release>
  <session default-value="${session}"/>
  <showCompilationChanges default-value="false">${maven.compiler.showCompilationChanges}</showCompilationChanges>
  <showDeprecation default-value="false">${maven.compiler.showDeprecation}</showDeprecation>
  <showWarnings default-value="true">${maven.compiler.showWarnings}</showWarnings>
  <skip>${maven.test.skip}</skip>
  <skipMultiThreadWarning default-value="false">${maven.compiler.skipMultiThreadWarning}</skipMultiThreadWarning>
  <source default-value="1.8">${maven.compiler.source}</source>
  <staleMillis default-value="0">${lastModGranularityMs}</staleMillis>
  <target default-value="1.8">${maven.compiler.target}</target>
  <testPath default-value="${project.testClasspathElements}"/>
  <testRelease>${maven.compiler.testRelease}</testRelease>
  <testSource>${maven.compiler.testSource}</testSource>
  <testTarget>${maven.compiler.testTarget}</testTarget>
  <useIncrementalCompilation default-value="true">${maven.compiler.useIncrementalCompilation}</useIncrementalCompilation>
  <useModulePath default-value="true"/>
  <verbose default-value="false">${maven.compiler.verbose}</verbose>
</configuration>
[DEBUG] --- exit fork of com.example:backend:0.0.1-SNAPSHOT for org.springframework.boot:spring-boot-maven-plugin:3.5.5:run (default-cli) ---
[DEBUG] -----------------------------------------------------------------------
[DEBUG] Goal:          org.springframework.boot:spring-boot-maven-plugin:3.5.5:run (default-cli)
[DEBUG] Style:         Regular
[DEBUG] Configuration: <?xml version="1.0" encoding="UTF-8"?>
<configuration>
  <addResources default-value="false">${spring-boot.run.addResources}</addResources>
  <additionalClasspathElements>${spring-boot.run.additional-classpath-elements}</additionalClasspathElements>
  <agents>${spring-boot.run.agents}</agents>
  <classesDirectory default-value="${project.build.outputDirectory}"/>
  <commandlineArguments>${spring-boot.run.arguments}</commandlineArguments>
  <excludeGroupIds default-value="">${spring-boot.excludeGroupIds}</excludeGroupIds>
  <excludes>${spring-boot.excludes}</excludes>
  <includes>${spring-boot.includes}</includes>
  <jvmArguments>${spring-boot.run.jvmArguments}</jvmArguments>
  <mainClass>${start-class}</mainClass>
  <noverify>${spring-boot.run.noverify}</noverify>
  <optimizedLaunch default-value="true">${spring-boot.run.optimizedLaunch}</optimizedLaunch>
  <profiles>${spring-boot.run.profiles}</profiles>
  <project default-value="${project}"/>
  <session default-value="${session}"/>
  <skip default-value="false">${spring-boot.run.skip}</skip>
  <useTestClasspath default-value="false">${spring-boot.run.useTestClasspath}</useTestClasspath>
  <workingDirectory>${spring-boot.run.workingDirectory}</workingDirectory>
</configuration>
[DEBUG] =======================================================================
[INFO] 
[INFO] >>> spring-boot:3.5.5:run (default-cli) > test-compile @ backend >>>
[DEBUG] Using mirror maven-default-http-blocker (http://0.0.0.0/) for vaadin-snapshots (http://oss.sonatype.org/content/repositories/vaadin-snapshots/).
[DEBUG] Using mirror maven-default-http-blocker (http://0.0.0.0/) for vaadin-releases (http://oss.sonatype.org/content/repositories/vaadin-releases/).
[DEBUG] Dependency collection stats {ConflictMarker.analyzeTime=186400, ConflictMarker.markTime=85300, ConflictMarker.nodeCount=170, ConflictIdSorter.graphTime=124300, ConflictIdSorter.topsortTime=70500, ConflictIdSorter.conflictIdCount=88, ConflictIdSorter.conflictIdCycleCount=0, ConflictResolver.totalTime=1189400, ConflictResolver.conflictItemCount=167, DfDependencyCollector.collectTime=474550000, DfDependencyCollector.transformTime=1702900}
[DEBUG] com.example:backend:jar:0.0.1-SNAPSHOT
[DEBUG]    org.springframework.boot:spring-boot-starter-data-jpa:jar:3.5.5:compile
[DEBUG]       org.springframework.boot:spring-boot-starter:jar:3.5.5:compile (version managed from 3.5.5)
[DEBUG]          org.springframework.boot:spring-boot:jar:3.5.5:compile (version managed from 3.5.5)
[DEBUG]          org.springframework.boot:spring-boot-autoconfigure:jar:3.5.5:compile (version managed from 3.5.5)
[DEBUG]          org.springframework.boot:spring-boot-starter-logging:jar:3.5.5:compile (version managed from 3.5.5)
[DEBUG]             ch.qos.logback:logback-classic:jar:1.5.18:compile (version managed from 1.5.18)
[DEBUG]                ch.qos.logback:logback-core:jar:1.5.18:compile (version managed from 1.5.18)
[DEBUG]             org.apache.logging.log4j:log4j-to-slf4j:jar:2.24.3:compile (version managed from 2.24.3)
[DEBUG]                org.apache.logging.log4j:log4j-api:jar:2.24.3:compile (version managed from 2.24.3)
[DEBUG]             org.slf4j:jul-to-slf4j:jar:2.0.17:compile (version managed from 2.0.17)
[DEBUG]          jakarta.annotation:jakarta.annotation-api:jar:2.1.1:compile (version managed from 2.1.1)
[DEBUG]          org.yaml:snakeyaml:jar:2.4:compile (version managed from 2.4)
[DEBUG]       org.springframework.boot:spring-boot-starter-jdbc:jar:3.5.5:compile (version managed from 3.5.5)
[DEBUG]          com.zaxxer:HikariCP:jar:6.3.2:compile (version managed from 6.3.2)
[DEBUG]          org.springframework:spring-jdbc:jar:6.2.10:compile (version managed from 6.2.10)
[DEBUG]       org.hibernate.orm:hibernate-core:jar:6.6.26.Final:compile (version managed from 6.6.26.Final)
[DEBUG]          jakarta.persistence:jakarta.persistence-api:jar:3.1.0:compile (version managed from 3.1.0)
[DEBUG]          jakarta.transaction:jakarta.transaction-api:jar:2.0.1:compile (version managed from 2.0.1)
[DEBUG]          org.jboss.logging:jboss-logging:jar:3.6.1.Final:runtime (version managed from 3.5.0.Final)
[DEBUG]          org.hibernate.common:hibernate-commons-annotations:jar:7.0.3.Final:runtime
[DEBUG]          io.smallrye:jandex:jar:3.2.0:runtime
[DEBUG]          com.fasterxml:classmate:jar:1.7.0:runtime (version managed from 1.5.1)
[DEBUG]          net.bytebuddy:byte-buddy:jar:1.17.7:runtime (version managed from 1.15.11)
[DEBUG]          org.glassfish.jaxb:jaxb-runtime:jar:4.0.5:runtime (version managed from 4.0.2)
[DEBUG]             org.glassfish.jaxb:jaxb-core:jar:4.0.5:runtime (version managed from 4.0.5)
[DEBUG]                org.eclipse.angus:angus-activation:jar:2.0.2:runtime (version managed from 2.0.2)
[DEBUG]                org.glassfish.jaxb:txw2:jar:4.0.5:runtime (version managed from 4.0.5)
[DEBUG]                com.sun.istack:istack-commons-runtime:jar:4.1.2:runtime (version managed from 4.1.2)
[DEBUG]          jakarta.inject:jakarta.inject-api:jar:2.0.1:runtime (version managed from 2.0.1)
[DEBUG]          org.antlr:antlr4-runtime:jar:4.13.0:compile
[DEBUG]       org.springframework.data:spring-data-jpa:jar:3.5.3:compile (version managed from 3.5.3)
[DEBUG]          org.springframework.data:spring-data-commons:jar:3.5.3:compile (version managed from 3.5.3)
[DEBUG]          org.springframework:spring-orm:jar:6.2.10:compile (version managed from 6.2.10)
[DEBUG]          org.springframework:spring-context:jar:6.2.10:compile (version managed from 6.2.10)
[DEBUG]          org.springframework:spring-aop:jar:6.2.10:compile (version managed from 6.2.10)
[DEBUG]          org.springframework:spring-tx:jar:6.2.10:compile (version managed from 6.2.10)
[DEBUG]          org.springframework:spring-beans:jar:6.2.10:compile (version managed from 6.2.10)
[DEBUG]          org.slf4j:slf4j-api:jar:2.0.17:compile (version managed from 2.0.2)
[DEBUG]       org.springframework:spring-aspects:jar:6.2.10:compile (version managed from 6.2.10)
[DEBUG]          org.aspectj:aspectjweaver:jar:1.9.24:compile (version managed from 1.9.22.1)
[DEBUG]    org.springframework.boot:spring-boot-starter-web:jar:3.5.5:compile
[DEBUG]       org.springframework.boot:spring-boot-starter-json:jar:3.5.5:compile (version managed from 3.5.5)
[DEBUG]          com.fasterxml.jackson.core:jackson-databind:jar:2.19.2:compile (version managed from 2.19.2)
[DEBUG]             com.fasterxml.jackson.core:jackson-annotations:jar:2.19.2:compile (version managed from 2.19.2)
[DEBUG]             com.fasterxml.jackson.core:jackson-core:jar:2.19.2:compile (version managed from 2.19.2)
[DEBUG]          com.fasterxml.jackson.datatype:jackson-datatype-jdk8:jar:2.19.2:compile (version managed from 2.19.2)
[DEBUG]          com.fasterxml.jackson.datatype:jackson-datatype-jsr310:jar:2.19.2:compile (version managed from 2.19.2)
[DEBUG]          com.fasterxml.jackson.module:jackson-module-parameter-names:jar:2.19.2:compile (version managed from 2.19.2)
[DEBUG]       org.springframework.boot:spring-boot-starter-tomcat:jar:3.5.5:compile (version managed from 3.5.5)
[DEBUG]          org.apache.tomcat.embed:tomcat-embed-core:jar:10.1.44:compile (version managed from 10.1.44)
[DEBUG]          org.apache.tomcat.embed:tomcat-embed-el:jar:10.1.44:compile (version managed from 10.1.44)
[DEBUG]          org.apache.tomcat.embed:tomcat-embed-websocket:jar:10.1.44:compile (version managed from 10.1.44)
[DEBUG]       org.springframework:spring-web:jar:6.2.10:compile (version managed from 6.2.10)
[DEBUG]          io.micrometer:micrometer-observation:jar:1.15.3:compile (version managed from 1.14.10)
[DEBUG]             io.micrometer:micrometer-commons:jar:1.15.3:compile (version managed from 1.15.3)
[DEBUG]       org.springframework:spring-webmvc:jar:6.2.10:compile (version managed from 6.2.10)
[DEBUG]          org.springframework:spring-expression:jar:6.2.10:compile (version managed from 6.2.10)
[DEBUG]    com.mysql:mysql-connector-j:jar:9.4.0:runtime (exclusions managed from [com.google.protobuf:protobuf-java:*:*])
[DEBUG]    org.springframework.boot:spring-boot-starter-test:jar:3.5.5:test
[DEBUG]       org.springframework.boot:spring-boot-test:jar:3.5.5:test (version managed from 3.5.5)
[DEBUG]       org.springframework.boot:spring-boot-test-autoconfigure:jar:3.5.5:test (version managed from 3.5.5)
[DEBUG]       com.jayway.jsonpath:json-path:jar:2.9.0:test (version managed from 2.9.0)
[DEBUG]       jakarta.xml.bind:jakarta.xml.bind-api:jar:4.0.2:runtime (version managed from 4.0.2)
[DEBUG]          jakarta.activation:jakarta.activation-api:jar:2.1.3:runtime (version managed from 2.1.3)
[DEBUG]       net.minidev:json-smart:jar:2.5.2:test (version managed from 2.5.2)
[DEBUG]          net.minidev:accessors-smart:jar:2.5.2:test
[DEBUG]             org.ow2.asm:asm:jar:9.7.1:test
[DEBUG]       org.assertj:assertj-core:jar:3.27.4:test (version managed from 3.27.4)
[DEBUG]       org.awaitility:awaitility:jar:4.2.2:test (version managed from 4.2.2)
[DEBUG]       org.hamcrest:hamcrest:jar:3.0:test (version managed from 3.0)
[DEBUG]       org.junit.jupiter:junit-jupiter:jar:5.12.2:test (version managed from 5.12.2)
[DEBUG]          org.junit.jupiter:junit-jupiter-api:jar:5.12.2:test (version managed from 5.12.2)
[DEBUG]             org.opentest4j:opentest4j:jar:1.3.0:test
[DEBUG]             org.junit.platform:junit-platform-commons:jar:1.12.2:test (version managed from 1.12.2)
[DEBUG]             org.apiguardian:apiguardian-api:jar:1.1.2:test
[DEBUG]          org.junit.jupiter:junit-jupiter-params:jar:5.12.2:test (version managed from 5.12.2)
[DEBUG]          org.junit.jupiter:junit-jupiter-engine:jar:5.12.2:test (version managed from 5.12.2)
[DEBUG]             org.junit.platform:junit-platform-engine:jar:1.12.2:test (version managed from 1.12.2)
[DEBUG]       org.mockito:mockito-core:jar:5.17.0:test (version managed from 5.17.0)
[DEBUG]          net.bytebuddy:byte-buddy-agent:jar:1.17.7:test (version managed from 1.15.11)
[DEBUG]          org.objenesis:objenesis:jar:3.3:test
[DEBUG]       org.mockito:mockito-junit-jupiter:jar:5.17.0:test (version managed from 5.17.0)
[DEBUG]       org.skyscreamer:jsonassert:jar:1.5.3:test (version managed from 1.5.3)
[DEBUG]          com.vaadin.external.google:android-json:jar:0.0.20131108.vaadin1:test
[DEBUG]       org.springframework:spring-core:jar:6.2.10:compile (version managed from 6.2.10)
[DEBUG]          org.springframework:spring-jcl:jar:6.2.10:compile (version managed from 6.2.10)
[DEBUG]       org.springframework:spring-test:jar:6.2.10:test (version managed from 6.2.10)
[DEBUG]       org.xmlunit:xmlunit-core:jar:2.10.3:test (version managed from 2.10.3)
[DEBUG] Already 8 watchers for path C:\Users\Vy-Ventures\.m2\repository\org\springframework\boot\spring-boot-starter-data-jpa\3.5.5
[DEBUG] Already 8 watchers for path C:\Users\Vy-Ventures\.m2\repository\org\springframework\boot\spring-boot-starter\3.5.5
[DEBUG] Already 8 watchers for path C:\Users\Vy-Ventures\.m2\repository\org\springframework\boot\spring-boot\3.5.5
[DEBUG] Already 8 watchers for path C:\Users\Vy-Ventures\.m2\repository\org\springframework\boot\spring-boot-autoconfigure\3.5.5
[DEBUG] Already 8 watchers for path C:\Users\Vy-Ventures\.m2\repository\org\springframework\boot\spring-boot-starter-logging\3.5.5
[DEBUG] Already 8 watchers for path C:\Users\Vy-Ventures\.m2\repository\ch\qos\logback\logback-classic\1.5.18
[DEBUG] Already 8 watchers for path C:\Users\Vy-Ventures\.m2\repository\ch\qos\logback\logback-core\1.5.18
[DEBUG] Already 8 watchers for path C:\Users\Vy-Ventures\.m2\repository\org\apache\logging\log4j\log4j-to-slf4j\2.24.3
[DEBUG] Already 8 watchers for path C:\Users\Vy-Ventures\.m2\repository\org\apache\logging\log4j\log4j-api\2.24.3
[DEBUG] Already 8 watchers for path C:\Users\Vy-Ventures\.m2\repository\org\slf4j\jul-to-slf4j\2.0.17
[DEBUG] Already 8 watchers for path C:\Users\Vy-Ventures\.m2\repository\jakarta\annotation\jakarta.annotation-api\2.1.1
[DEBUG] Already 8 watchers for path C:\Users\Vy-Ventures\.m2\repository\org\yaml\snakeyaml\2.4
[DEBUG] Already 8 watchers for path C:\Users\Vy-Ventures\.m2\repository\org\springframework\boot\spring-boot-starter-jdbc\3.5.5
[DEBUG] Already 8 watchers for path C:\Users\Vy-Ventures\.m2\repository\com\zaxxer\HikariCP\6.3.2
[DEBUG] Already 8 watchers for path C:\Users\Vy-Ventures\.m2\repository\org\springframework\spring-jdbc\6.2.10
[DEBUG] Already 8 watchers for path C:\Users\Vy-Ventures\.m2\repository\org\hibernate\orm\hibernate-core\6.6.26.Final
[DEBUG] Already 8 watchers for path C:\Users\Vy-Ventures\.m2\repository\jakarta\persistence\jakarta.persistence-api\3.1.0
[DEBUG] Already 8 watchers for path C:\Users\Vy-Ventures\.m2\repository\jakarta\transaction\jakarta.transaction-api\2.0.1
[DEBUG] Already 8 watchers for path C:\Users\Vy-Ventures\.m2\repository\org\jboss\logging\jboss-logging\3.6.1.Final
[DEBUG] Already 8 watchers for path C:\Users\Vy-Ventures\.m2\repository\org\hibernate\common\hibernate-commons-annotations\7.0.3.Final
[DEBUG] Already 8 watchers for path C:\Users\Vy-Ventures\.m2\repository\io\smallrye\jandex\3.2.0
[DEBUG] Already 8 watchers for path C:\Users\Vy-Ventures\.m2\repository\com\fasterxml\classmate\1.7.0
[DEBUG] Already 8 watchers for path C:\Users\Vy-Ventures\.m2\repository\net\bytebuddy\byte-buddy\1.17.7
[DEBUG] Already 8 watchers for path C:\Users\Vy-Ventures\.m2\repository\org\glassfish\jaxb\jaxb-runtime\4.0.5
[DEBUG] Already 8 watchers for path C:\Users\Vy-Ventures\.m2\repository\org\glassfish\jaxb\jaxb-core\4.0.5
[DEBUG] Already 8 watchers for path C:\Users\Vy-Ventures\.m2\repository\org\eclipse\angus\angus-activation\2.0.2
[DEBUG] Already 8 watchers for path C:\Users\Vy-Ventures\.m2\repository\org\glassfish\jaxb\txw2\4.0.5
[DEBUG] Already 8 watchers for path C:\Users\Vy-Ventures\.m2\repository\com\sun\istack\istack-commons-runtime\4.1.2
[DEBUG] Already 8 watchers for path C:\Users\Vy-Ventures\.m2\repository\jakarta\inject\jakarta.inject-api\2.0.1
[DEBUG] Already 8 watchers for path C:\Users\Vy-Ventures\.m2\repository\org\antlr\antlr4-runtime\4.13.0
[DEBUG] Already 8 watchers for path C:\Users\Vy-Ventures\.m2\repository\org\springframework\data\spring-data-jpa\3.5.3
[DEBUG] Already 8 watchers for path C:\Users\Vy-Ventures\.m2\repository\org\springframework\data\spring-data-commons\3.5.3
[DEBUG] Already 8 watchers for path C:\Users\Vy-Ventures\.m2\repository\org\springframework\spring-orm\6.2.10
[DEBUG] Already 9 watchers for path C:\Users\Vy-Ventures\.m2\repository\org\springframework\spring-context\6.2.10
[DEBUG] Already 9 watchers for path C:\Users\Vy-Ventures\.m2\repository\org\springframework\spring-aop\6.2.10
[DEBUG] Already 8 watchers for path C:\Users\Vy-Ventures\.m2\repository\org\springframework\spring-tx\6.2.10
[DEBUG] Already 9 watchers for path C:\Users\Vy-Ventures\.m2\repository\org\springframework\spring-beans\6.2.10
[DEBUG] Already 8 watchers for path C:\Users\Vy-Ventures\.m2\repository\org\slf4j\slf4j-api\2.0.17
[DEBUG] Already 8 watchers for path C:\Users\Vy-Ventures\.m2\repository\org\springframework\spring-aspects\6.2.10
[DEBUG] Already 8 watchers for path C:\Users\Vy-Ventures\.m2\repository\org\aspectj\aspectjweaver\1.9.24
[DEBUG] Already 8 watchers for path C:\Users\Vy-Ventures\.m2\repository\org\springframework\boot\spring-boot-starter-web\3.5.5
[DEBUG] Already 8 watchers for path C:\Users\Vy-Ventures\.m2\repository\org\springframework\boot\spring-boot-starter-json\3.5.5
[DEBUG] Already 9 watchers for path C:\Users\Vy-Ventures\.m2\repository\com\fasterxml\jackson\core\jackson-databind\2.19.2
[DEBUG] Already 9 watchers for path C:\Users\Vy-Ventures\.m2\repository\com\fasterxml\jackson\core\jackson-annotations\2.19.2
[DEBUG] Already 9 watchers for path C:\Users\Vy-Ventures\.m2\repository\com\fasterxml\jackson\core\jackson-core\2.19.2
[DEBUG] Already 8 watchers for path C:\Users\Vy-Ventures\.m2\repository\com\fasterxml\jackson\datatype\jackson-datatype-jdk8\2.19.2
[DEBUG] Already 8 watchers for path C:\Users\Vy-Ventures\.m2\repository\com\fasterxml\jackson\datatype\jackson-datatype-jsr310\2.19.2
[DEBUG] Already 9 watchers for path C:\Users\Vy-Ventures\.m2\repository\com\fasterxml\jackson\module\jackson-module-parameter-names\2.19.2
[DEBUG] Already 8 watchers for path C:\Users\Vy-Ventures\.m2\repository\org\springframework\boot\spring-boot-starter-tomcat\3.5.5
[DEBUG] Already 8 watchers for path C:\Users\Vy-Ventures\.m2\repository\org\apache\tomcat\embed\tomcat-embed-core\10.1.44
[DEBUG] Already 8 watchers for path C:\Users\Vy-Ventures\.m2\repository\org\apache\tomcat\embed\tomcat-embed-el\10.1.44
[DEBUG] Already 8 watchers for path C:\Users\Vy-Ventures\.m2\repository\org\apache\tomcat\embed\tomcat-embed-websocket\10.1.44
[DEBUG] Already 8 watchers for path C:\Users\Vy-Ventures\.m2\repository\org\springframework\spring-web\6.2.10
[DEBUG] Already 8 watchers for path C:\Users\Vy-Ventures\.m2\repository\io\micrometer\micrometer-observation\1.15.3
[DEBUG] Already 8 watchers for path C:\Users\Vy-Ventures\.m2\repository\io\micrometer\micrometer-commons\1.15.3
[DEBUG] Already 8 watchers for path C:\Users\Vy-Ventures\.m2\repository\org\springframework\spring-webmvc\6.2.10
[DEBUG] Already 9 watchers for path C:\Users\Vy-Ventures\.m2\repository\org\springframework\spring-expression\6.2.10
[DEBUG] Already 8 watchers for path C:\Users\Vy-Ventures\.m2\repository\com\mysql\mysql-connector-j\9.4.0
[DEBUG] Already 8 watchers for path C:\Users\Vy-Ventures\.m2\repository\org\springframework\boot\spring-boot-starter-test\3.5.5
[DEBUG] Already 8 watchers for path C:\Users\Vy-Ventures\.m2\repository\org\springframework\boot\spring-boot-test\3.5.5
[DEBUG] Already 8 watchers for path C:\Users\Vy-Ventures\.m2\repository\org\springframework\boot\spring-boot-test-autoconfigure\3.5.5
[DEBUG] Already 8 watchers for path C:\Users\Vy-Ventures\.m2\repository\com\jayway\jsonpath\json-path\2.9.0
[DEBUG] Already 8 watchers for path C:\Users\Vy-Ventures\.m2\repository\jakarta\xml\bind\jakarta.xml.bind-api\4.0.2
[DEBUG] Already 8 watchers for path C:\Users\Vy-Ventures\.m2\repository\jakarta\activation\jakarta.activation-api\2.1.3
[DEBUG] Already 8 watchers for path C:\Users\Vy-Ventures\.m2\repository\net\minidev\json-smart\2.5.2
[DEBUG] Already 8 watchers for path C:\Users\Vy-Ventures\.m2\repository\net\minidev\accessors-smart\2.5.2
[DEBUG] Already 10 watchers for path C:\Users\Vy-Ventures\.m2\repository\org\ow2\asm\asm\9.7.1
[DEBUG] Already 8 watchers for path C:\Users\Vy-Ventures\.m2\repository\org\assertj\assertj-core\3.27.4
[DEBUG] Already 8 watchers for path C:\Users\Vy-Ventures\.m2\repository\org\awaitility\awaitility\4.2.2
[DEBUG] Already 8 watchers for path C:\Users\Vy-Ventures\.m2\repository\org\hamcrest\hamcrest\3.0
[DEBUG] Already 8 watchers for path C:\Users\Vy-Ventures\.m2\repository\org\junit\jupiter\junit-jupiter\5.12.2
[DEBUG] Already 8 watchers for path C:\Users\Vy-Ventures\.m2\repository\org\junit\jupiter\junit-jupiter-api\5.12.2
[DEBUG] Already 8 watchers for path C:\Users\Vy-Ventures\.m2\repository\org\opentest4j\opentest4j\1.3.0
[DEBUG] Already 8 watchers for path C:\Users\Vy-Ventures\.m2\repository\org\junit\platform\junit-platform-commons\1.12.2
[DEBUG] Already 8 watchers for path C:\Users\Vy-Ventures\.m2\repository\org\apiguardian\apiguardian-api\1.1.2
[DEBUG] Already 8 watchers for path C:\Users\Vy-Ventures\.m2\repository\org\junit\jupiter\junit-jupiter-params\5.12.2
[DEBUG] Already 8 watchers for path C:\Users\Vy-Ventures\.m2\repository\org\junit\jupiter\junit-jupiter-engine\5.12.2
[DEBUG] Already 8 watchers for path C:\Users\Vy-Ventures\.m2\repository\org\junit\platform\junit-platform-engine\1.12.2
[DEBUG] Already 8 watchers for path C:\Users\Vy-Ventures\.m2\repository\org\mockito\mockito-core\5.17.0
[DEBUG] Already 8 watchers for path C:\Users\Vy-Ventures\.m2\repository\net\bytebuddy\byte-buddy-agent\1.17.7
[DEBUG] Already 8 watchers for path C:\Users\Vy-Ventures\.m2\repository\org\objenesis\objenesis\3.3
[DEBUG] Already 8 watchers for path C:\Users\Vy-Ventures\.m2\repository\org\mockito\mockito-junit-jupiter\5.17.0
[DEBUG] Already 8 watchers for path C:\Users\Vy-Ventures\.m2\repository\org\skyscreamer\jsonassert\1.5.3
[DEBUG] Already 8 watchers for path C:\Users\Vy-Ventures\.m2\repository\com\vaadin\external\google\android-json\0.0.20131108.vaadin1
[DEBUG] Already 9 watchers for path C:\Users\Vy-Ventures\.m2\repository\org\springframework\spring-core\6.2.10
[DEBUG] Already 9 watchers for path C:\Users\Vy-Ventures\.m2\repository\org\springframework\spring-jcl\6.2.10
[DEBUG] Already 8 watchers for path C:\Users\Vy-Ventures\.m2\repository\org\springframework\spring-test\6.2.10
[DEBUG] Already 8 watchers for path C:\Users\Vy-Ventures\.m2\repository\org\xmlunit\xmlunit-core\2.10.3
[INFO] 
[INFO] --- resources:3.3.1:resources (default-resources) @ backend ---
[DEBUG] Loading mojo org.apache.maven.plugins:maven-resources-plugin:3.3.1:resources from plugin realm ClassRealm[plugin>org.apache.maven.plugins:maven-resources-plugin:3.3.1, parent: jdk.internal.loader.ClassLoaders$AppClassLoader@18b4aac2]
[DEBUG] Configuring mojo execution 'org.apache.maven.plugins:maven-resources-plugin:3.3.1:resources:default-resources' with basic configurator -->
[DEBUG]   (f) addDefaultExcludes = true
[DEBUG]   (f) buildFilters = []
[DEBUG]   (s) delimiters = [@]
[DEBUG]   (f) encoding = UTF-8
[DEBUG]   (f) escapeWindowsPaths = true
[DEBUG]   (f) fileNameFiltering = false
[DEBUG]   (s) includeEmptyDirs = false
[DEBUG]   (s) outputDirectory = C:\project\backend\backend\target\classes
[DEBUG]   (s) overwrite = false
[DEBUG]   (f) project = MavenProject: com.example:backend:0.0.1-SNAPSHOT @ C:\project\backend\backend\pom.xml
[DEBUG]   (f) propertiesEncoding = UTF-8
[DEBUG]   (s) resources = [Resource {targetPath: null, filtering: true, FileSet {directory: C:\project\backend\backend\src\main\resources, PatternSet [includes: {**/application*.yml, **/application*.yaml, **/application*.properties}, excludes: {}]}}, Resource {targetPath: null, filtering: false, FileSet {directory: C:\project\backend\backend\src\main\resources, PatternSet [includes: {}, excludes: {**/application*.yml, **/application*.yaml, **/application*.properties}]}}]
[DEBUG]   (f) session = org.apache.maven.execution.MavenSession@6fadd661
[DEBUG]   (f) skip = false
[DEBUG]   (f) supportMultiLineFiltering = false
[DEBUG]   (f) useBuildFilters = true
[DEBUG]   (s) useDefaultDelimiters = false
[DEBUG] -- end configuration --
[DEBUG] properties used:
[DEBUG] activemq.version: 6.1.7
[DEBUG] angus-mail.version: 2.0.4
[DEBUG] artemis.version: 2.40.0
[DEBUG] aspectj.version: 1.9.24
[DEBUG] assertj.version: 3.27.4
[DEBUG] awaitility.version: 4.2.2
[DEBUG] brave.version: 6.1.0
[DEBUG] build-helper-maven-plugin.version: 3.6.1
[DEBUG] byte-buddy.version: 1.17.7
[DEBUG] cache2k.version: 2.6.1.Final
[DEBUG] caffeine.version: 3.2.2
[DEBUG] cassandra-driver.version: 4.19.0
[DEBUG] classmate.version: 1.7.0
[DEBUG] classworlds.conf: C:\Program Files\maven-mvnd-1.0.2-windows-amd64\bin\mvnd-daemon.conf
[DEBUG] commons-codec.version: 1.18.0
[DEBUG] commons-dbcp2.version: 2.13.0
[DEBUG] commons-lang3.version: 3.17.0
[DEBUG] commons-pool.version: 1.6
[DEBUG] commons-pool2.version: 2.12.1
[DEBUG] couchbase-client.version: 3.8.3
[DEBUG] crac.version: 1.5.0
[DEBUG] cyclonedx-maven-plugin.version: 2.9.1
[DEBUG] db2-jdbc.version: 12.1.2.0
[DEBUG] dependency-management-plugin.version: 1.1.7
[DEBUG] derby.version: 10.16.1.1
[DEBUG] ehcache3.version: 3.10.8
[DEBUG] elasticsearch-client.version: 8.18.5
[DEBUG] env.=::: ::\
[DEBUG] env.=C:: C:\project\backend\backend
[DEBUG] env.=ExitCode: 00000001
[DEBUG] env.ALLUSERSPROFILE: C:\ProgramData
[DEBUG] env.APPDATA: C:\Users\Vy-Ventures\AppData\Roaming
[DEBUG] env.COMPUTERNAME: DESKTOP-CPKPBA0
[DEBUG] env.ComSpec: C:\WINDOWS\system32\cmd.exe
[DEBUG] env.CommonProgramFiles: C:\Program Files\Common Files
[DEBUG] env.CommonProgramFiles(x86): C:\Program Files (x86)\Common Files
[DEBUG] env.CommonProgramW6432: C:\Program Files\Common Files
[DEBUG] env.DriverData: C:\Windows\System32\Drivers\DriverData
[DEBUG] env.EFC_13812_1592913036: 1
[DEBUG] env.HOMEDRIVE: C:
[DEBUG] env.HOMEPATH: \Users\Vy-Ventures
[DEBUG] env.JAVA_HOME: C:\Program Files\Java\jdk-24
[DEBUG] env.LOCALAPPDATA: C:\Users\Vy-Ventures\AppData\Local
[DEBUG] env.LOGONSERVER: \\DESKTOP-CPKPBA0
[DEBUG] env.NUMBER_OF_PROCESSORS: 4
[DEBUG] env.OS: Windows_NT
[DEBUG] env.OneDrive: C:\MYWORK\OneDrive
[DEBUG] env.OneDriveConsumer: C:\MYWORK\OneDrive
[DEBUG] env.PATHEXT: .COM;.EXE;.BAT;.CMD;.VBS;.VBE;.JS;.JSE;.WSF;.WSH;.MSC
[DEBUG] env.PROCESSOR_ARCHITECTURE: AMD64
[DEBUG] env.PROCESSOR_IDENTIFIER: Intel64 Family 6 Model 61 Stepping 4, GenuineIntel
[DEBUG] env.PROCESSOR_LEVEL: 6
[DEBUG] env.PROCESSOR_REVISION: 3d04
[DEBUG] env.PROMPT: $P$G
[DEBUG] env.PSModulePath: C:\Program Files\WindowsPowerShell\Modules;C:\WINDOWS\system32\WindowsPowerShell\v1.0\Modules
[DEBUG] env.PUBLIC: C:\Users\Public
[DEBUG] env.PWD: C:\project\backend\backend
[DEBUG] env.ProgramData: C:\ProgramData
[DEBUG] env.ProgramFiles: C:\Program Files
[DEBUG] env.ProgramFiles(x86): C:\Program Files (x86)
[DEBUG] env.ProgramW6432: C:\Program Files
[DEBUG] env.SESSIONNAME: Console
[DEBUG] env.SystemDrive: C:
[DEBUG] env.SystemRoot: C:\WINDOWS
[DEBUG] env.TEMP: C:\Users\VY-VEN~1\AppData\Local\Temp
[DEBUG] env.TMP: C:\Users\VY-VEN~1\AppData\Local\Temp
[DEBUG] env.USERDOMAIN: DESKTOP-CPKPBA0
[DEBUG] env.USERDOMAIN_ROAMINGPROFILE: DESKTOP-CPKPBA0
[DEBUG] env.USERNAME: Vy-Ventures
[DEBUG] env.USERPROFILE: C:\Users\Vy-Ventures
[DEBUG] env.path: C:\Program Files\maven-mvnd-1.0.2-windows-amd64\bin
[DEBUG] env.windir: C:\WINDOWS
[DEBUG] file.encoding: UTF-8
[DEBUG] file.separator: \
[DEBUG] flyway.version: 11.7.2
[DEBUG] freemarker.version: 2.3.34
[DEBUG] git-commit-id-maven-plugin.version: 9.0.2
[DEBUG] glassfish-jaxb.version: 4.0.5
[DEBUG] glassfish-jstl.version: 3.0.1
[DEBUG] graphql-java.version: 24.1
[DEBUG] groovy.version: 4.0.28
[DEBUG] gson.version: 2.13.1
[DEBUG] guice.disable.misplaced.annotation.check: true
[DEBUG] h2.version: 2.3.232
[DEBUG] hamcrest.version: 3.0
[DEBUG] hazelcast.version: 5.5.0
[DEBUG] hibernate-validator.version: 8.0.3.Final
[DEBUG] hibernate.version: 6.6.26.Final
[DEBUG] hikaricp.version: 6.3.2
[DEBUG] hsqldb.version: 2.7.3
[DEBUG] htmlunit.version: 4.11.1
[DEBUG] httpasyncclient.version: 4.1.5
[DEBUG] httpclient5.version: 5.5
[DEBUG] httpcore.version: 4.4.16
[DEBUG] httpcore5.version: 5.3.4
[DEBUG] infinispan.version: 15.2.5.Final
[DEBUG] influxdb-java.version: 2.25
[DEBUG] jackson-bom.version: 2.19.2
[DEBUG] jakarta-activation.version: 2.1.3
[DEBUG] jakarta-annotation.version: 2.1.1
[DEBUG] jakarta-inject.version: 2.0.1
[DEBUG] jakarta-jms.version: 3.1.0
[DEBUG] jakarta-json-bind.version: 3.0.1
[DEBUG] jakarta-json.version: 2.1.3
[DEBUG] jakarta-mail.version: 2.1.3
[DEBUG] jakarta-management.version: 1.1.4
[DEBUG] jakarta-persistence.version: 3.1.0
[DEBUG] jakarta-servlet-jsp-jstl.version: 3.0.2
[DEBUG] jakarta-servlet.version: 6.0.0
[DEBUG] jakarta-transaction.version: 2.0.1
[DEBUG] jakarta-validation.version: 3.0.2
[DEBUG] jakarta-websocket.version: 2.1.1
[DEBUG] jakarta-ws-rs.version: 3.1.0
[DEBUG] jakarta-xml-bind.version: 4.0.2
[DEBUG] jakarta-xml-soap.version: 3.0.2
[DEBUG] jakarta-xml-ws.version: 4.0.2
[DEBUG] janino.version: 3.1.12
[DEBUG] java.class.path: C:\Program Files\maven-mvnd-1.0.2-windows-amd64\mvn\boot\plexus-classworlds-2.8.0.jar
[DEBUG] java.class.version: 68.0
[DEBUG] java.home: C:\Program Files\Java\jdk-24
[DEBUG] java.io.tmpdir: C:\Users\VY-VEN~1\AppData\Local\Temp\
[DEBUG] java.library.path: C:\Program Files\Java\jdk-24\bin;C:\WINDOWS\Sun\Java\bin;C:\WINDOWS\system32;C:\WINDOWS;C:\Program Files\maven-mvnd-1.0.2-windows-amd64\bin;.
[DEBUG] java.runtime.name: Java(TM) SE Runtime Environment
[DEBUG] java.runtime.version: 24.0.2+12-54
[DEBUG] java.specification.name: Java Platform API Specification
[DEBUG] java.specification.vendor: Oracle Corporation
[DEBUG] java.specification.version: 24
[DEBUG] java.util.logging.config.file: C:\Program Files\maven-mvnd-1.0.2-windows-amd64\mvn\conf/logging/java.util.logging.properties
[DEBUG] java.vendor: Oracle Corporation
[DEBUG] java.vendor.url: https://java.oracle.com/
[DEBUG] java.vendor.url.bug: https://bugreport.java.com/bugreport/
[DEBUG] java.version: 24.0.2
[DEBUG] java.version.date: 2025-07-15
[DEBUG] java.vm.compressedOopsMode: 32-bit
[DEBUG] java.vm.info: mixed mode, sharing
[DEBUG] java.vm.name: Java HotSpot(TM) 64-Bit Server VM
[DEBUG] java.vm.specification.name: Java Virtual Machine Specification
[DEBUG] java.vm.specification.vendor: Oracle Corporation
[DEBUG] java.vm.specification.version: 24
[DEBUG] java.vm.vendor: Oracle Corporation
[DEBUG] java.vm.version: 24.0.2+12-54
[DEBUG] javax-cache.version: 1.1.1
[DEBUG] javax-money.version: 1.1
[DEBUG] jaxen.version: 2.0.0
[DEBUG] jaybird.version: 6.0.2
[DEBUG] jboss-logging.version: 3.6.1.Final
[DEBUG] jdk.debug: release
[DEBUG] jdk.java.options: --add-opens java.base/java.io=ALL-UNNAMED --add-opens java.base/java.lang=ALL-UNNAMED --add-opens java.base/java.util=ALL-UNNAMED --add-opens java.base/sun.net.www.protocol.jar=ALL-UNNAMED --add-opens java.base/sun.nio.fs=ALL-UNNAMED
[DEBUG] jdom2.version: 2.0.6.1
[DEBUG] jedis.version: 6.0.0
[DEBUG] jersey.version: 3.1.11
[DEBUG] jetty-reactive-httpclient.version: 4.0.11
[DEBUG] jetty.version: 12.0.25
[DEBUG] jmustache.version: 1.16
[DEBUG] jooq.version: 3.19.25
[DEBUG] json-path.version: 2.9.0
[DEBUG] json-smart.version: 2.5.2
[DEBUG] jsonassert.version: 1.5.3
[DEBUG] jtds.version: 1.3.1
[DEBUG] junit-jupiter.version: 5.12.2
[DEBUG] junit.version: 4.13.2
[DEBUG] kafka.version: 3.9.1
[DEBUG] kotlin-coroutines.version: 1.8.1
[DEBUG] kotlin-serialization.version: 1.6.3
[DEBUG] kotlin.version: 1.9.25
[DEBUG] lettuce.version: 6.6.0.RELEASE
[DEBUG] line.separator: 
[DEBUG] liquibase.version: 4.31.1
[DEBUG] log4j2.version: 2.24.3
[DEBUG] logback.version: 1.5.18
[DEBUG] lombok.version: 1.18.38
[DEBUG] mariadb.version: 3.5.5
[DEBUG] maven-antrun-plugin.version: 3.1.0
[DEBUG] maven-assembly-plugin.version: 3.7.1
[DEBUG] maven-clean-plugin.version: 3.4.1
[DEBUG] maven-compiler-plugin.version: 3.14.0
[DEBUG] maven-dependency-plugin.version: 3.8.1
[DEBUG] maven-deploy-plugin.version: 3.1.4
[DEBUG] maven-enforcer-plugin.version: 3.5.0
[DEBUG] maven-failsafe-plugin.version: 3.5.3
[DEBUG] maven-help-plugin.version: 3.5.1
[DEBUG] maven-install-plugin.version: 3.1.4
[DEBUG] maven-invoker-plugin.version: 3.9.1
[DEBUG] maven-jar-plugin.version: 3.4.2
[DEBUG] maven-javadoc-plugin.version: 3.11.3
[DEBUG] maven-resources-plugin.version: 3.3.1
[DEBUG] maven-shade-plugin.version: 3.6.0
[DEBUG] maven-source-plugin.version: 3.3.1
[DEBUG] maven-surefire-plugin.version: 3.5.3
[DEBUG] maven-war-plugin.version: 3.4.0
[DEBUG] maven.build.timestamp: 2025-08-25T11:12:36Z
[DEBUG] maven.build.version: Apache Maven 3.9.9 (8e8579a9e76f7d015ee5ec7bfcdc97d260186937)
[DEBUG] maven.compiler.release: 24
[DEBUG] maven.conf: C:\Program Files\maven-mvnd-1.0.2-windows-amd64\mvn\conf
[DEBUG] maven.home: C:\Program Files\maven-mvnd-1.0.2-windows-amd64\mvn
[DEBUG] maven.multiModuleProjectDirectory: C:\project\backend\backend
[DEBUG] maven.version: 3.9.9
[DEBUG] micrometer-tracing.version: 1.5.3
[DEBUG] micrometer.version: 1.15.3
[DEBUG] mockito.version: 5.17.0
[DEBUG] mongodb.version: 5.5.1
[DEBUG] mssql-jdbc.version: 12.10.1.jre11
[DEBUG] mvnd.coreExtensions: 
[DEBUG] mvnd.daemonStorage: C:\Users\Vy-Ventures\.m2\mvnd\registry\1.0.2
[DEBUG] mvnd.debug: false
[DEBUG] mvnd.debug.address: 8000
[DEBUG] mvnd.duplicateDaemonGracePeriod: 10s
[DEBUG] mvnd.enableAssertions: false
[DEBUG] mvnd.expirationCheckDelay: 10s
[DEBUG] mvnd.extClasspath: 
[DEBUG] mvnd.home: C:\Program Files\maven-mvnd-1.0.2-windows-amd64
[DEBUG] mvnd.id: 46612069
[DEBUG] mvnd.idleTimeout: 3h
[DEBUG] mvnd.java.home: C:\Program Files\Java\jdk-24
[DEBUG] mvnd.keepAlive: 100ms
[DEBUG] mvnd.noDaemon: false
[DEBUG] mvnd.registry: C:\Users\Vy-Ventures\.m2\mvnd\registry\1.0.2\registry.bin
[DEBUG] mvnd.socketFamily: inet
[DEBUG] mvnd.terminalWidth: 120
[DEBUG] mysql.version: 9.4.0
[DEBUG] native-build-tools-plugin.version: 0.10.6
[DEBUG] native.encoding: Cp1252
[DEBUG] nekohtml.version: 1.9.22
[DEBUG] neo4j-java-driver.version: 5.28.9
[DEBUG] netty.version: 4.1.124.Final
[DEBUG] opentelemetry.version: 1.49.0
[DEBUG] oracle-database.version: 23.7.0.25.01
[DEBUG] oracle-r2dbc.version: 1.3.0
[DEBUG] org.slf4j.simpleLogger.logFile: C:\Users\Vy-Ventures\.m2\mvnd\registry\1.0.2\daemon-46612069.log
[DEBUG] os.arch: amd64
[DEBUG] os.name: Windows 11
[DEBUG] os.version: 10.0
[DEBUG] path.separator: ;
[DEBUG] pooled-jms.version: 3.1.7
[DEBUG] postgresql.version: 42.7.7
[DEBUG] project.baseUri: file:/C:/project/backend/backend/
[DEBUG] project.build.sourceEncoding: UTF-8
[DEBUG] project.reporting.outputEncoding: UTF-8
[DEBUG] prometheus-client.version: 1.3.10
[DEBUG] prometheus-simpleclient.version: 0.16.0
[DEBUG] pulsar-reactive.version: 0.6.0
[DEBUG] pulsar.version: 4.0.6
[DEBUG] quartz.version: 2.5.0
[DEBUG] querydsl.version: 5.1.0
[DEBUG] r2dbc-h2.version: 1.0.0.RELEASE
[DEBUG] r2dbc-mariadb.version: 1.3.0
[DEBUG] r2dbc-mssql.version: 1.0.2.RELEASE
[DEBUG] r2dbc-mysql.version: 1.4.1
[DEBUG] r2dbc-pool.version: 1.0.2.RELEASE
[DEBUG] r2dbc-postgresql.version: 1.0.7.RELEASE
[DEBUG] r2dbc-proxy.version: 1.1.6.RELEASE
[DEBUG] r2dbc-spi.version: 1.0.0.RELEASE
[DEBUG] rabbit-amqp-client.version: 5.25.0
[DEBUG] rabbit-stream-client.version: 0.23.0
[DEBUG] reactive-streams.version: 1.0.4
[DEBUG] reactor-bom.version: 2024.0.9
[DEBUG] resource.delimiter: @
[DEBUG] rest-assured.version: 5.5.6
[DEBUG] rsocket.version: 1.1.5
[DEBUG] rxjava3.version: 3.1.11
[DEBUG] saaj-impl.version: 3.0.4
[DEBUG] selenium-htmlunit.version: 4.30.0
[DEBUG] selenium.version: 4.31.0
[DEBUG] sendgrid.version: 4.10.3
[DEBUG] slf4j.version: 2.0.17
[DEBUG] snakeyaml.version: 2.4
[DEBUG] spring-amqp.version: 3.2.6
[DEBUG] spring-authorization-server.version: 1.5.2
[DEBUG] spring-batch.version: 5.2.2
[DEBUG] spring-boot.run.main-class: ${start-class}
[DEBUG] spring-data-bom.version: 2025.0.3
[DEBUG] spring-framework.version: 6.2.10
[DEBUG] spring-graphql.version: 1.4.1
[DEBUG] spring-hateoas.version: 2.5.1
[DEBUG] spring-integration.version: 6.5.1
[DEBUG] spring-kafka.version: 3.3.9
[DEBUG] spring-ldap.version: 3.3.3
[DEBUG] spring-pulsar.version: 1.2.9
[DEBUG] spring-restdocs.version: 3.0.5
[DEBUG] spring-retry.version: 2.0.12
[DEBUG] spring-security.version: 6.5.3
[DEBUG] spring-session.version: 3.5.2
[DEBUG] spring-ws.version: 4.1.1
[DEBUG] sqlite-jdbc.version: 3.49.1.0
[DEBUG] stderr.encoding: Cp1252
[DEBUG] stdout.encoding: Cp1252
[DEBUG] style.color: never
[DEBUG] sun.arch.data.model: 64
[DEBUG] sun.boot.library.path: C:\Program Files\Java\jdk-24\bin
[DEBUG] sun.cpu.endian: little
[DEBUG] sun.cpu.isalist: amd64
[DEBUG] sun.io.unicode.encoding: UnicodeLittle
[DEBUG] sun.java.command: org.codehaus.plexus.classworlds.launcher.Launcher
[DEBUG] sun.java.launcher: SUN_STANDARD
[DEBUG] sun.jnu.encoding: Cp1252
[DEBUG] sun.management.compiler: HotSpot 64-Bit Tiered Compilers
[DEBUG] sun.os.patch.level: 
[DEBUG] testcontainers-redis-module.version: 2.2.4
[DEBUG] testcontainers.version: 1.21.3
[DEBUG] thymeleaf-extras-data-attribute.version: 2.0.1
[DEBUG] thymeleaf-extras-springsecurity.version: 3.1.3.RELEASE
[DEBUG] thymeleaf-layout-dialect.version: 3.4.0
[DEBUG] thymeleaf.version: 3.1.3.RELEASE
[DEBUG] tomcat.version: 10.1.44
[DEBUG] unboundid-ldapsdk.version: 7.0.3
[DEBUG] undertow.version: 2.3.18.Final
[DEBUG] user.country: IN
[DEBUG] user.dir: C:\project\backend\backend
[DEBUG] user.home: C:\Users\Vy-Ventures
[DEBUG] user.language: en
[DEBUG] user.name: Vy-Ventures
[DEBUG] user.script: 
[DEBUG] user.timezone: Asia/Calcutta
[DEBUG] user.variant: 
[DEBUG] versions-maven-plugin.version: 2.18.0
[DEBUG] vibur.version: 26.0
[DEBUG] webjars-locator-core.version: 0.59
[DEBUG] webjars-locator-lite.version: 1.1.0
[DEBUG] wsdl4j.version: 1.6.3
[DEBUG] xml-maven-plugin.version: 1.1.0
[DEBUG] xmlunit2.version: 2.10.3
[DEBUG] yasson.version: 3.0.4
[DEBUG] zipkin-reporter.version: 3.5.1
[DEBUG] Using 'UTF-8' encoding to copy filtered resources.
[DEBUG] Using 'UTF-8' encoding to copy filtered properties files.
[DEBUG] resource with targetPath null
directory C:\project\backend\backend\src\main\resources
excludes []
includes [**/application*.yml, **/application*.yaml, **/application*.properties]
[DEBUG] ignoreDelta true
[INFO] Copying 1 resource from src\main\resources to target\classes
[DEBUG] Copying file application.properties
[DEBUG] file application.properties has a filtered file extension
[DEBUG] Using 'UTF-8' encoding to copy filtered resource 'application.properties'.
[DEBUG] filtering C:\project\backend\backend\src\main\resources\application.properties to C:\project\backend\backend\target\classes\application.properties
[DEBUG] resource with targetPath null
directory C:\project\backend\backend\src\main\resources
excludes [**/application*.yml, **/application*.yaml, **/application*.properties]
includes []
[DEBUG] ignoreDelta true
[INFO] Copying 0 resource from src\main\resources to target\classes
[DEBUG] no user filter components
[INFO] 
[INFO] --- compiler:3.14.0:compile (default-compile) @ backend ---
[DEBUG] Loading mojo org.apache.maven.plugins:maven-compiler-plugin:3.14.0:compile from plugin realm ClassRealm[plugin>org.apache.maven.plugins:maven-compiler-plugin:3.14.0, parent: jdk.internal.loader.ClassLoaders$AppClassLoader@18b4aac2]
[DEBUG] Configuring mojo execution 'org.apache.maven.plugins:maven-compiler-plugin:3.14.0:compile:default-compile' with basic configurator -->
[DEBUG]   (f) annotationProcessorPathsUseDepMgmt = false
[DEBUG]   (f) basedir = C:\project\backend\backend
[DEBUG]   (f) buildDirectory = C:\project\backend\backend\target
[DEBUG]   (f) compilePath = [C:\project\backend\backend\target\classes, C:\Users\Vy-Ventures\.m2\repository\org\springframework\boot\spring-boot-starter-data-jpa\3.5.5\spring-boot-starter-data-jpa-3.5.5.jar, C:\Users\Vy-Ventures\.m2\repository\org\springframework\boot\spring-boot-starter\3.5.5\spring-boot-starter-3.5.5.jar, C:\Users\Vy-Ventures\.m2\repository\org\springframework\boot\spring-boot\3.5.5\spring-boot-3.5.5.jar, C:\Users\Vy-Ventures\.m2\repository\org\springframework\boot\spring-boot-autoconfigure\3.5.5\spring-boot-autoconfigure-3.5.5.jar, C:\Users\Vy-Ventures\.m2\repository\org\springframework\boot\spring-boot-starter-logging\3.5.5\spring-boot-starter-logging-3.5.5.jar, C:\Users\Vy-Ventures\.m2\repository\ch\qos\logback\logback-classic\1.5.18\logback-classic-1.5.18.jar, C:\Users\Vy-Ventures\.m2\repository\ch\qos\logback\logback-core\1.5.18\logback-core-1.5.18.jar, C:\Users\Vy-Ventures\.m2\repository\org\apache\logging\log4j\log4j-to-slf4j\2.24.3\log4j-to-slf4j-2.24.3.jar, C:\Users\Vy-Ventures\.m2\repository\org\apache\logging\log4j\log4j-api\2.24.3\log4j-api-2.24.3.jar, C:\Users\Vy-Ventures\.m2\repository\org\slf4j\jul-to-slf4j\2.0.17\jul-to-slf4j-2.0.17.jar, C:\Users\Vy-Ventures\.m2\repository\jakarta\annotation\jakarta.annotation-api\2.1.1\jakarta.annotation-api-2.1.1.jar, C:\Users\Vy-Ventures\.m2\repository\org\yaml\snakeyaml\2.4\snakeyaml-2.4.jar, C:\Users\Vy-Ventures\.m2\repository\org\springframework\boot\spring-boot-starter-jdbc\3.5.5\spring-boot-starter-jdbc-3.5.5.jar, C:\Users\Vy-Ventures\.m2\repository\com\zaxxer\HikariCP\6.3.2\HikariCP-6.3.2.jar, C:\Users\Vy-Ventures\.m2\repository\org\springframework\spring-jdbc\6.2.10\spring-jdbc-6.2.10.jar, C:\Users\Vy-Ventures\.m2\repository\org\hibernate\orm\hibernate-core\6.6.26.Final\hibernate-core-6.6.26.Final.jar, C:\Users\Vy-Ventures\.m2\repository\jakarta\persistence\jakarta.persistence-api\3.1.0\jakarta.persistence-api-3.1.0.jar, C:\Users\Vy-Ventures\.m2\repository\jakarta\transaction\jakarta.transaction-api\2.0.1\jakarta.transaction-api-2.0.1.jar, C:\Users\Vy-Ventures\.m2\repository\org\antlr\antlr4-runtime\4.13.0\antlr4-runtime-4.13.0.jar, C:\Users\Vy-Ventures\.m2\repository\org\springframework\data\spring-data-jpa\3.5.3\spring-data-jpa-3.5.3.jar, C:\Users\Vy-Ventures\.m2\repository\org\springframework\data\spring-data-commons\3.5.3\spring-data-commons-3.5.3.jar, C:\Users\Vy-Ventures\.m2\repository\org\springframework\spring-orm\6.2.10\spring-orm-6.2.10.jar, C:\Users\Vy-Ventures\.m2\repository\org\springframework\spring-context\6.2.10\spring-context-6.2.10.jar, C:\Users\Vy-Ventures\.m2\repository\org\springframework\spring-aop\6.2.10\spring-aop-6.2.10.jar, C:\Users\Vy-Ventures\.m2\repository\org\springframework\spring-tx\6.2.10\spring-tx-6.2.10.jar, C:\Users\Vy-Ventures\.m2\repository\org\springframework\spring-beans\6.2.10\spring-beans-6.2.10.jar, C:\Users\Vy-Ventures\.m2\repository\org\slf4j\slf4j-api\2.0.17\slf4j-api-2.0.17.jar, C:\Users\Vy-Ventures\.m2\repository\org\springframework\spring-aspects\6.2.10\spring-aspects-6.2.10.jar, C:\Users\Vy-Ventures\.m2\repository\org\aspectj\aspectjweaver\1.9.24\aspectjweaver-1.9.24.jar, C:\Users\Vy-Ventures\.m2\repository\org\springframework\boot\spring-boot-starter-web\3.5.5\spring-boot-starter-web-3.5.5.jar, C:\Users\Vy-Ventures\.m2\repository\org\springframework\boot\spring-boot-starter-json\3.5.5\spring-boot-starter-json-3.5.5.jar, C:\Users\Vy-Ventures\.m2\repository\com\fasterxml\jackson\core\jackson-databind\2.19.2\jackson-databind-2.19.2.jar, C:\Users\Vy-Ventures\.m2\repository\com\fasterxml\jackson\core\jackson-annotations\2.19.2\jackson-annotations-2.19.2.jar, C:\Users\Vy-Ventures\.m2\repository\com\fasterxml\jackson\core\jackson-core\2.19.2\jackson-core-2.19.2.jar, C:\Users\Vy-Ventures\.m2\repository\com\fasterxml\jackson\datatype\jackson-datatype-jdk8\2.19.2\jackson-datatype-jdk8-2.19.2.jar, C:\Users\Vy-Ventures\.m2\repository\com\fasterxml\jackson\datatype\jackson-datatype-jsr310\2.19.2\jackson-datatype-jsr310-2.19.2.jar, C:\Users\Vy-Ventures\.m2\repository\com\fasterxml\jackson\module\jackson-module-parameter-names\2.19.2\jackson-module-parameter-names-2.19.2.jar, C:\Users\Vy-Ventures\.m2\repository\org\springframework\boot\spring-boot-starter-tomcat\3.5.5\spring-boot-starter-tomcat-3.5.5.jar, C:\Users\Vy-Ventures\.m2\repository\org\apache\tomcat\embed\tomcat-embed-core\10.1.44\tomcat-embed-core-10.1.44.jar, C:\Users\Vy-Ventures\.m2\repository\org\apache\tomcat\embed\tomcat-embed-el\10.1.44\tomcat-embed-el-10.1.44.jar, C:\Users\Vy-Ventures\.m2\repository\org\apache\tomcat\embed\tomcat-embed-websocket\10.1.44\tomcat-embed-websocket-10.1.44.jar, C:\Users\Vy-Ventures\.m2\repository\org\springframework\spring-web\6.2.10\spring-web-6.2.10.jar, C:\Users\Vy-Ventures\.m2\repository\io\micrometer\micrometer-observation\1.15.3\micrometer-observation-1.15.3.jar, C:\Users\Vy-Ventures\.m2\repository\io\micrometer\micrometer-commons\1.15.3\micrometer-commons-1.15.3.jar, C:\Users\Vy-Ventures\.m2\repository\org\springframework\spring-webmvc\6.2.10\spring-webmvc-6.2.10.jar, C:\Users\Vy-Ventures\.m2\repository\org\springframework\spring-expression\6.2.10\spring-expression-6.2.10.jar, C:\Users\Vy-Ventures\.m2\repository\org\springframework\spring-core\6.2.10\spring-core-6.2.10.jar, C:\Users\Vy-Ventures\.m2\repository\org\springframework\spring-jcl\6.2.10\spring-jcl-6.2.10.jar]
[DEBUG]   (f) compileSourceRoots = [C:\project\backend\backend\src\main\java]
[DEBUG]   (f) compilerId = javac
[DEBUG]   (f) createMissingPackageInfoClass = true
[DEBUG]   (f) debug = true
[DEBUG]   (f) debugFileName = javac
[DEBUG]   (f) enablePreview = false
[DEBUG]   (f) encoding = UTF-8
[DEBUG]   (f) failOnError = true
[DEBUG]   (f) failOnWarning = false
[DEBUG]   (f) fileExtensions = [jar, class]
[DEBUG]   (f) forceJavacCompilerUse = false
[DEBUG]   (f) forceLegacyJavacApi = false
[DEBUG]   (f) fork = false
[DEBUG]   (f) generatedSourcesDirectory = C:\project\backend\backend\target\generated-sources\annotations
[DEBUG]   (f) moduleVersion = 0.0.1-SNAPSHOT
[DEBUG]   (f) mojoExecution = org.apache.maven.plugins:maven-compiler-plugin:3.14.0:compile {execution: default-compile}
[DEBUG]   (f) optimize = false
[DEBUG]   (f) outputDirectory = C:\project\backend\backend\target\classes
[DEBUG]   (f) parameters = true
[DEBUG]   (f) project = MavenProject: com.example:backend:0.0.1-SNAPSHOT @ C:\project\backend\backend\pom.xml
[DEBUG]   (f) projectArtifact = com.example:backend:jar:0.0.1-SNAPSHOT
[DEBUG]   (s) release = 24
[DEBUG]   (f) session = org.apache.maven.execution.MavenSession@6fadd661
[DEBUG]   (f) showCompilationChanges = false
[DEBUG]   (f) showDeprecation = false
[DEBUG]   (f) showWarnings = true
[DEBUG]   (f) skipMultiThreadWarning = false
[DEBUG]   (f) source = 1.8
[DEBUG]   (f) staleMillis = 0
[DEBUG]   (s) target = 1.8
[DEBUG]   (f) useIncrementalCompilation = true
[DEBUG]   (f) verbose = false
[DEBUG] -- end configuration --
[DEBUG] Using compiler 'javac'.
[DEBUG] Adding C:\project\backend\backend\target\generated-sources\annotations to compile source roots:
  C:\project\backend\backend\src\main\java
[DEBUG] New compile source roots:
  C:\project\backend\backend\src\main\java
  C:\project\backend\backend\target\generated-sources\annotations
[DEBUG] CompilerReuseStrategy: reuseCreated
[DEBUG] useIncrementalCompilation enabled
[INFO] Nothing to compile - all classes are up to date.
[INFO] 
[INFO] --- resources:3.3.1:testResources (default-testResources) @ backend ---
[DEBUG] Loading mojo org.apache.maven.plugins:maven-resources-plugin:3.3.1:testResources from plugin realm ClassRealm[plugin>org.apache.maven.plugins:maven-resources-plugin:3.3.1, parent: jdk.internal.loader.ClassLoaders$AppClassLoader@18b4aac2]
[DEBUG] Configuring mojo execution 'org.apache.maven.plugins:maven-resources-plugin:3.3.1:testResources:default-testResources' with basic configurator -->
[DEBUG]   (f) addDefaultExcludes = true
[DEBUG]   (f) buildFilters = []
[DEBUG]   (s) delimiters = [@]
[DEBUG]   (f) encoding = UTF-8
[DEBUG]   (f) escapeWindowsPaths = true
[DEBUG]   (f) fileNameFiltering = false
[DEBUG]   (s) includeEmptyDirs = false
[DEBUG]   (s) outputDirectory = C:\project\backend\backend\target\test-classes
[DEBUG]   (s) overwrite = false
[DEBUG]   (f) project = MavenProject: com.example:backend:0.0.1-SNAPSHOT @ C:\project\backend\backend\pom.xml
[DEBUG]   (f) propertiesEncoding = UTF-8
[DEBUG]   (s) resources = [Resource {targetPath: null, filtering: false, FileSet {directory: C:\project\backend\backend\src\test\resources, PatternSet [includes: {}, excludes: {}]}}]
[DEBUG]   (f) session = org.apache.maven.execution.MavenSession@6fadd661
[DEBUG]   (f) skip = false
[DEBUG]   (f) supportMultiLineFiltering = false
[DEBUG]   (f) useBuildFilters = true
[DEBUG]   (s) useDefaultDelimiters = false
[DEBUG] -- end configuration --
[DEBUG] properties used:
[DEBUG] activemq.version: 6.1.7
[DEBUG] angus-mail.version: 2.0.4
[DEBUG] artemis.version: 2.40.0
[DEBUG] aspectj.version: 1.9.24
[DEBUG] assertj.version: 3.27.4
[DEBUG] awaitility.version: 4.2.2
[DEBUG] brave.version: 6.1.0
[DEBUG] build-helper-maven-plugin.version: 3.6.1
[DEBUG] byte-buddy.version: 1.17.7
[DEBUG] cache2k.version: 2.6.1.Final
[DEBUG] caffeine.version: 3.2.2
[DEBUG] cassandra-driver.version: 4.19.0
[DEBUG] classmate.version: 1.7.0
[DEBUG] classworlds.conf: C:\Program Files\maven-mvnd-1.0.2-windows-amd64\bin\mvnd-daemon.conf
[DEBUG] commons-codec.version: 1.18.0
[DEBUG] commons-dbcp2.version: 2.13.0
[DEBUG] commons-lang3.version: 3.17.0
[DEBUG] commons-pool.version: 1.6
[DEBUG] commons-pool2.version: 2.12.1
[DEBUG] couchbase-client.version: 3.8.3
[DEBUG] crac.version: 1.5.0
[DEBUG] cyclonedx-maven-plugin.version: 2.9.1
[DEBUG] db2-jdbc.version: 12.1.2.0
[DEBUG] dependency-management-plugin.version: 1.1.7
[DEBUG] derby.version: 10.16.1.1
[DEBUG] ehcache3.version: 3.10.8
[DEBUG] elasticsearch-client.version: 8.18.5
[DEBUG] env.=::: ::\
[DEBUG] env.=C:: C:\project\backend\backend
[DEBUG] env.=ExitCode: 00000001
[DEBUG] env.ALLUSERSPROFILE: C:\ProgramData
[DEBUG] env.APPDATA: C:\Users\Vy-Ventures\AppData\Roaming
[DEBUG] env.COMPUTERNAME: DESKTOP-CPKPBA0
[DEBUG] env.ComSpec: C:\WINDOWS\system32\cmd.exe
[DEBUG] env.CommonProgramFiles: C:\Program Files\Common Files
[DEBUG] env.CommonProgramFiles(x86): C:\Program Files (x86)\Common Files
[DEBUG] env.CommonProgramW6432: C:\Program Files\Common Files
[DEBUG] env.DriverData: C:\Windows\System32\Drivers\DriverData
[DEBUG] env.EFC_13812_1592913036: 1
[DEBUG] env.HOMEDRIVE: C:
[DEBUG] env.HOMEPATH: \Users\Vy-Ventures
[DEBUG] env.JAVA_HOME: C:\Program Files\Java\jdk-24
[DEBUG] env.LOCALAPPDATA: C:\Users\Vy-Ventures\AppData\Local
[DEBUG] env.LOGONSERVER: \\DESKTOP-CPKPBA0
[DEBUG] env.NUMBER_OF_PROCESSORS: 4
[DEBUG] env.OS: Windows_NT
[DEBUG] env.OneDrive: C:\MYWORK\OneDrive
[DEBUG] env.OneDriveConsumer: C:\MYWORK\OneDrive
[DEBUG] env.PATHEXT: .COM;.EXE;.BAT;.CMD;.VBS;.VBE;.JS;.JSE;.WSF;.WSH;.MSC
[DEBUG] env.PROCESSOR_ARCHITECTURE: AMD64
[DEBUG] env.PROCESSOR_IDENTIFIER: Intel64 Family 6 Model 61 Stepping 4, GenuineIntel
[DEBUG] env.PROCESSOR_LEVEL: 6
[DEBUG] env.PROCESSOR_REVISION: 3d04
[DEBUG] env.PROMPT: $P$G
[DEBUG] env.PSModulePath: C:\Program Files\WindowsPowerShell\Modules;C:\WINDOWS\system32\WindowsPowerShell\v1.0\Modules
[DEBUG] env.PUBLIC: C:\Users\Public
[DEBUG] env.PWD: C:\project\backend\backend
[DEBUG] env.ProgramData: C:\ProgramData
[DEBUG] env.ProgramFiles: C:\Program Files
[DEBUG] env.ProgramFiles(x86): C:\Program Files (x86)
[DEBUG] env.ProgramW6432: C:\Program Files
[DEBUG] env.SESSIONNAME: Console
[DEBUG] env.SystemDrive: C:
[DEBUG] env.SystemRoot: C:\WINDOWS
[DEBUG] env.TEMP: C:\Users\VY-VEN~1\AppData\Local\Temp
[DEBUG] env.TMP: C:\Users\VY-VEN~1\AppData\Local\Temp
[DEBUG] env.USERDOMAIN: DESKTOP-CPKPBA0
[DEBUG] env.USERDOMAIN_ROAMINGPROFILE: DESKTOP-CPKPBA0
[DEBUG] env.USERNAME: Vy-Ventures
[DEBUG] env.USERPROFILE: C:\Users\Vy-Ventures
[DEBUG] env.path: C:\Program Files\maven-mvnd-1.0.2-windows-amd64\bin
[DEBUG] env.windir: C:\WINDOWS
[DEBUG] file.encoding: UTF-8
[DEBUG] file.separator: \
[DEBUG] flyway.version: 11.7.2
[DEBUG] freemarker.version: 2.3.34
[DEBUG] git-commit-id-maven-plugin.version: 9.0.2
[DEBUG] glassfish-jaxb.version: 4.0.5
[DEBUG] glassfish-jstl.version: 3.0.1
[DEBUG] graphql-java.version: 24.1
[DEBUG] groovy.version: 4.0.28
[DEBUG] gson.version: 2.13.1
[DEBUG] guice.disable.misplaced.annotation.check: true
[DEBUG] h2.version: 2.3.232
[DEBUG] hamcrest.version: 3.0
[DEBUG] hazelcast.version: 5.5.0
[DEBUG] hibernate-validator.version: 8.0.3.Final
[DEBUG] hibernate.version: 6.6.26.Final
[DEBUG] hikaricp.version: 6.3.2
[DEBUG] hsqldb.version: 2.7.3
[DEBUG] htmlunit.version: 4.11.1
[DEBUG] httpasyncclient.version: 4.1.5
[DEBUG] httpclient5.version: 5.5
[DEBUG] httpcore.version: 4.4.16
[DEBUG] httpcore5.version: 5.3.4
[DEBUG] infinispan.version: 15.2.5.Final
[DEBUG] influxdb-java.version: 2.25
[DEBUG] jackson-bom.version: 2.19.2
[DEBUG] jakarta-activation.version: 2.1.3
[DEBUG] jakarta-annotation.version: 2.1.1
[DEBUG] jakarta-inject.version: 2.0.1
[DEBUG] jakarta-jms.version: 3.1.0
[DEBUG] jakarta-json-bind.version: 3.0.1
[DEBUG] jakarta-json.version: 2.1.3
[DEBUG] jakarta-mail.version: 2.1.3
[DEBUG] jakarta-management.version: 1.1.4
[DEBUG] jakarta-persistence.version: 3.1.0
[DEBUG] jakarta-servlet-jsp-jstl.version: 3.0.2
[DEBUG] jakarta-servlet.version: 6.0.0
[DEBUG] jakarta-transaction.version: 2.0.1
[DEBUG] jakarta-validation.version: 3.0.2
[DEBUG] jakarta-websocket.version: 2.1.1
[DEBUG] jakarta-ws-rs.version: 3.1.0
[DEBUG] jakarta-xml-bind.version: 4.0.2
[DEBUG] jakarta-xml-soap.version: 3.0.2
[DEBUG] jakarta-xml-ws.version: 4.0.2
[DEBUG] janino.version: 3.1.12
[DEBUG] java.class.path: C:\Program Files\maven-mvnd-1.0.2-windows-amd64\mvn\boot\plexus-classworlds-2.8.0.jar
[DEBUG] java.class.version: 68.0
[DEBUG] java.home: C:\Program Files\Java\jdk-24
[DEBUG] java.io.tmpdir: C:\Users\VY-VEN~1\AppData\Local\Temp\
[DEBUG] java.library.path: C:\Program Files\Java\jdk-24\bin;C:\WINDOWS\Sun\Java\bin;C:\WINDOWS\system32;C:\WINDOWS;C:\Program Files\maven-mvnd-1.0.2-windows-amd64\bin;.
[DEBUG] java.runtime.name: Java(TM) SE Runtime Environment
[DEBUG] java.runtime.version: 24.0.2+12-54
[DEBUG] java.specification.name: Java Platform API Specification
[DEBUG] java.specification.vendor: Oracle Corporation
[DEBUG] java.specification.version: 24
[DEBUG] java.util.logging.config.file: C:\Program Files\maven-mvnd-1.0.2-windows-amd64\mvn\conf/logging/java.util.logging.properties
[DEBUG] java.vendor: Oracle Corporation
[DEBUG] java.vendor.url: https://java.oracle.com/
[DEBUG] java.vendor.url.bug: https://bugreport.java.com/bugreport/
[DEBUG] java.version: 24.0.2
[DEBUG] java.version.date: 2025-07-15
[DEBUG] java.vm.compressedOopsMode: 32-bit
[DEBUG] java.vm.info: mixed mode, sharing
[DEBUG] java.vm.name: Java HotSpot(TM) 64-Bit Server VM
[DEBUG] java.vm.specification.name: Java Virtual Machine Specification
[DEBUG] java.vm.specification.vendor: Oracle Corporation
[DEBUG] java.vm.specification.version: 24
[DEBUG] java.vm.vendor: Oracle Corporation
[DEBUG] java.vm.version: 24.0.2+12-54
[DEBUG] javax-cache.version: 1.1.1
[DEBUG] javax-money.version: 1.1
[DEBUG] jaxen.version: 2.0.0
[DEBUG] jaybird.version: 6.0.2
[DEBUG] jboss-logging.version: 3.6.1.Final
[DEBUG] jdk.debug: release
[DEBUG] jdk.java.options: --add-opens java.base/java.io=ALL-UNNAMED --add-opens java.base/java.lang=ALL-UNNAMED --add-opens java.base/java.util=ALL-UNNAMED --add-opens java.base/sun.net.www.protocol.jar=ALL-UNNAMED --add-opens java.base/sun.nio.fs=ALL-UNNAMED
[DEBUG] jdom2.version: 2.0.6.1
[DEBUG] jedis.version: 6.0.0
[DEBUG] jersey.version: 3.1.11
[DEBUG] jetty-reactive-httpclient.version: 4.0.11
[DEBUG] jetty.version: 12.0.25
[DEBUG] jmustache.version: 1.16
[DEBUG] jooq.version: 3.19.25
[DEBUG] json-path.version: 2.9.0
[DEBUG] json-smart.version: 2.5.2
[DEBUG] jsonassert.version: 1.5.3
[DEBUG] jtds.version: 1.3.1
[DEBUG] junit-jupiter.version: 5.12.2
[DEBUG] junit.version: 4.13.2
[DEBUG] kafka.version: 3.9.1
[DEBUG] kotlin-coroutines.version: 1.8.1
[DEBUG] kotlin-serialization.version: 1.6.3
[DEBUG] kotlin.version: 1.9.25
[DEBUG] lettuce.version: 6.6.0.RELEASE
[DEBUG] line.separator: 
[DEBUG] liquibase.version: 4.31.1
[DEBUG] log4j2.version: 2.24.3
[DEBUG] logback.version: 1.5.18
[DEBUG] lombok.version: 1.18.38
[DEBUG] mariadb.version: 3.5.5
[DEBUG] maven-antrun-plugin.version: 3.1.0
[DEBUG] maven-assembly-plugin.version: 3.7.1
[DEBUG] maven-clean-plugin.version: 3.4.1
[DEBUG] maven-compiler-plugin.version: 3.14.0
[DEBUG] maven-dependency-plugin.version: 3.8.1
[DEBUG] maven-deploy-plugin.version: 3.1.4
[DEBUG] maven-enforcer-plugin.version: 3.5.0
[DEBUG] maven-failsafe-plugin.version: 3.5.3
[DEBUG] maven-help-plugin.version: 3.5.1
[DEBUG] maven-install-plugin.version: 3.1.4
[DEBUG] maven-invoker-plugin.version: 3.9.1
[DEBUG] maven-jar-plugin.version: 3.4.2
[DEBUG] maven-javadoc-plugin.version: 3.11.3
[DEBUG] maven-resources-plugin.version: 3.3.1
[DEBUG] maven-shade-plugin.version: 3.6.0
[DEBUG] maven-source-plugin.version: 3.3.1
[DEBUG] maven-surefire-plugin.version: 3.5.3
[DEBUG] maven-war-plugin.version: 3.4.0
[DEBUG] maven.build.timestamp: 2025-08-25T11:12:36Z
[DEBUG] maven.build.version: Apache Maven 3.9.9 (8e8579a9e76f7d015ee5ec7bfcdc97d260186937)
[DEBUG] maven.compiler.release: 24
[DEBUG] maven.conf: C:\Program Files\maven-mvnd-1.0.2-windows-amd64\mvn\conf
[DEBUG] maven.home: C:\Program Files\maven-mvnd-1.0.2-windows-amd64\mvn
[DEBUG] maven.multiModuleProjectDirectory: C:\project\backend\backend
[DEBUG] maven.version: 3.9.9
[DEBUG] micrometer-tracing.version: 1.5.3
[DEBUG] micrometer.version: 1.15.3
[DEBUG] mockito.version: 5.17.0
[DEBUG] mongodb.version: 5.5.1
[DEBUG] mssql-jdbc.version: 12.10.1.jre11
[DEBUG] mvnd.coreExtensions: 
[DEBUG] mvnd.daemonStorage: C:\Users\Vy-Ventures\.m2\mvnd\registry\1.0.2
[DEBUG] mvnd.debug: false
[DEBUG] mvnd.debug.address: 8000
[DEBUG] mvnd.duplicateDaemonGracePeriod: 10s
[DEBUG] mvnd.enableAssertions: false
[DEBUG] mvnd.expirationCheckDelay: 10s
[DEBUG] mvnd.extClasspath: 
[DEBUG] mvnd.home: C:\Program Files\maven-mvnd-1.0.2-windows-amd64
[DEBUG] mvnd.id: 46612069
[DEBUG] mvnd.idleTimeout: 3h
[DEBUG] mvnd.java.home: C:\Program Files\Java\jdk-24
[DEBUG] mvnd.keepAlive: 100ms
[DEBUG] mvnd.noDaemon: false
[DEBUG] mvnd.registry: C:\Users\Vy-Ventures\.m2\mvnd\registry\1.0.2\registry.bin
[DEBUG] mvnd.socketFamily: inet
[DEBUG] mvnd.terminalWidth: 120
[DEBUG] mysql.version: 9.4.0
[DEBUG] native-build-tools-plugin.version: 0.10.6
[DEBUG] native.encoding: Cp1252
[DEBUG] nekohtml.version: 1.9.22
[DEBUG] neo4j-java-driver.version: 5.28.9
[DEBUG] netty.version: 4.1.124.Final
[DEBUG] opentelemetry.version: 1.49.0
[DEBUG] oracle-database.version: 23.7.0.25.01
[DEBUG] oracle-r2dbc.version: 1.3.0
[DEBUG] org.slf4j.simpleLogger.logFile: C:\Users\Vy-Ventures\.m2\mvnd\registry\1.0.2\daemon-46612069.log
[DEBUG] os.arch: amd64
[DEBUG] os.name: Windows 11
[DEBUG] os.version: 10.0
[DEBUG] path.separator: ;
[DEBUG] pooled-jms.version: 3.1.7
[DEBUG] postgresql.version: 42.7.7
[DEBUG] project.baseUri: file:/C:/project/backend/backend/
[DEBUG] project.build.sourceEncoding: UTF-8
[DEBUG] project.reporting.outputEncoding: UTF-8
[DEBUG] prometheus-client.version: 1.3.10
[DEBUG] prometheus-simpleclient.version: 0.16.0
[DEBUG] pulsar-reactive.version: 0.6.0
[DEBUG] pulsar.version: 4.0.6
[DEBUG] quartz.version: 2.5.0
[DEBUG] querydsl.version: 5.1.0
[DEBUG] r2dbc-h2.version: 1.0.0.RELEASE
[DEBUG] r2dbc-mariadb.version: 1.3.0
[DEBUG] r2dbc-mssql.version: 1.0.2.RELEASE
[DEBUG] r2dbc-mysql.version: 1.4.1
[DEBUG] r2dbc-pool.version: 1.0.2.RELEASE
[DEBUG] r2dbc-postgresql.version: 1.0.7.RELEASE
[DEBUG] r2dbc-proxy.version: 1.1.6.RELEASE
[DEBUG] r2dbc-spi.version: 1.0.0.RELEASE
[DEBUG] rabbit-amqp-client.version: 5.25.0
[DEBUG] rabbit-stream-client.version: 0.23.0
[DEBUG] reactive-streams.version: 1.0.4
[DEBUG] reactor-bom.version: 2024.0.9
[DEBUG] resource.delimiter: @
[DEBUG] rest-assured.version: 5.5.6
[DEBUG] rsocket.version: 1.1.5
[DEBUG] rxjava3.version: 3.1.11
[DEBUG] saaj-impl.version: 3.0.4
[DEBUG] selenium-htmlunit.version: 4.30.0
[DEBUG] selenium.version: 4.31.0
[DEBUG] sendgrid.version: 4.10.3
[DEBUG] slf4j.version: 2.0.17
[DEBUG] snakeyaml.version: 2.4
[DEBUG] spring-amqp.version: 3.2.6
[DEBUG] spring-authorization-server.version: 1.5.2
[DEBUG] spring-batch.version: 5.2.2
[DEBUG] spring-boot.run.main-class: ${start-class}
[DEBUG] spring-data-bom.version: 2025.0.3
[DEBUG] spring-framework.version: 6.2.10
[DEBUG] spring-graphql.version: 1.4.1
[DEBUG] spring-hateoas.version: 2.5.1
[DEBUG] spring-integration.version: 6.5.1
[DEBUG] spring-kafka.version: 3.3.9
[DEBUG] spring-ldap.version: 3.3.3
[DEBUG] spring-pulsar.version: 1.2.9
[DEBUG] spring-restdocs.version: 3.0.5
[DEBUG] spring-retry.version: 2.0.12
[DEBUG] spring-security.version: 6.5.3
[DEBUG] spring-session.version: 3.5.2
[DEBUG] spring-ws.version: 4.1.1
[DEBUG] sqlite-jdbc.version: 3.49.1.0
[DEBUG] stderr.encoding: Cp1252
[DEBUG] stdout.encoding: Cp1252
[DEBUG] style.color: never
[DEBUG] sun.arch.data.model: 64
[DEBUG] sun.boot.library.path: C:\Program Files\Java\jdk-24\bin
[DEBUG] sun.cpu.endian: little
[DEBUG] sun.cpu.isalist: amd64
[DEBUG] sun.io.unicode.encoding: UnicodeLittle
[DEBUG] sun.java.command: org.codehaus.plexus.classworlds.launcher.Launcher
[DEBUG] sun.java.launcher: SUN_STANDARD
[DEBUG] sun.jnu.encoding: Cp1252
[DEBUG] sun.management.compiler: HotSpot 64-Bit Tiered Compilers
[DEBUG] sun.os.patch.level: 
[DEBUG] testcontainers-redis-module.version: 2.2.4
[DEBUG] testcontainers.version: 1.21.3
[DEBUG] thymeleaf-extras-data-attribute.version: 2.0.1
[DEBUG] thymeleaf-extras-springsecurity.version: 3.1.3.RELEASE
[DEBUG] thymeleaf-layout-dialect.version: 3.4.0
[DEBUG] thymeleaf.version: 3.1.3.RELEASE
[DEBUG] tomcat.version: 10.1.44
[DEBUG] unboundid-ldapsdk.version: 7.0.3
[DEBUG] undertow.version: 2.3.18.Final
[DEBUG] user.country: IN
[DEBUG] user.dir: C:\project\backend\backend
[DEBUG] user.home: C:\Users\Vy-Ventures
[DEBUG] user.language: en
[DEBUG] user.name: Vy-Ventures
[DEBUG] user.script: 
[DEBUG] user.timezone: Asia/Calcutta
[DEBUG] user.variant: 
[DEBUG] versions-maven-plugin.version: 2.18.0
[DEBUG] vibur.version: 26.0
[DEBUG] webjars-locator-core.version: 0.59
[DEBUG] webjars-locator-lite.version: 1.1.0
[DEBUG] wsdl4j.version: 1.6.3
[DEBUG] xml-maven-plugin.version: 1.1.0
[DEBUG] xmlunit2.version: 2.10.3
[DEBUG] yasson.version: 3.0.4
[DEBUG] zipkin-reporter.version: 3.5.1
[DEBUG] Using 'UTF-8' encoding to copy filtered resources.
[DEBUG] Using 'UTF-8' encoding to copy filtered properties files.
[DEBUG] resource with targetPath null
directory C:\project\backend\backend\src\test\resources
excludes []
includes []
[INFO] skip non existing resourceDirectory C:\project\backend\backend\src\test\resources
[DEBUG] no user filter components
[INFO] 
[INFO] --- compiler:3.14.0:testCompile (default-testCompile) @ backend ---
[DEBUG] Loading mojo org.apache.maven.plugins:maven-compiler-plugin:3.14.0:testCompile from plugin realm ClassRealm[plugin>org.apache.maven.plugins:maven-compiler-plugin:3.14.0, parent: jdk.internal.loader.ClassLoaders$AppClassLoader@18b4aac2]
[DEBUG] Configuring mojo execution 'org.apache.maven.plugins:maven-compiler-plugin:3.14.0:testCompile:default-testCompile' with basic configurator -->
[DEBUG]   (f) annotationProcessorPathsUseDepMgmt = false
[DEBUG]   (f) basedir = C:\project\backend\backend
[DEBUG]   (f) buildDirectory = C:\project\backend\backend\target
[DEBUG]   (f) compileSourceRoots = [C:\project\backend\backend\src\test\java]
[DEBUG]   (f) compilerId = javac
[DEBUG]   (f) createMissingPackageInfoClass = true
[DEBUG]   (f) debug = true
[DEBUG]   (f) debugFileName = javac-test
[DEBUG]   (f) enablePreview = false
[DEBUG]   (f) encoding = UTF-8
[DEBUG]   (f) failOnError = true
[DEBUG]   (f) failOnWarning = false
[DEBUG]   (f) fileExtensions = [jar, class]
[DEBUG]   (f) forceJavacCompilerUse = false
[DEBUG]   (f) forceLegacyJavacApi = false
[DEBUG]   (f) fork = false
[DEBUG]   (f) generatedTestSourcesDirectory = C:\project\backend\backend\target\generated-test-sources\test-annotations
[DEBUG]   (f) mojoExecution = org.apache.maven.plugins:maven-compiler-plugin:3.14.0:testCompile {execution: default-testCompile}
[DEBUG]   (f) optimize = false
[DEBUG]   (f) outputDirectory = C:\project\backend\backend\target\test-classes
[DEBUG]   (f) parameters = true
[DEBUG]   (f) project = MavenProject: com.example:backend:0.0.1-SNAPSHOT @ C:\project\backend\backend\pom.xml
[DEBUG]   (s) release = 24
[DEBUG]   (f) session = org.apache.maven.execution.MavenSession@6fadd661
[DEBUG]   (f) showCompilationChanges = false
[DEBUG]   (f) showDeprecation = false
[DEBUG]   (f) showWarnings = true
[DEBUG]   (f) skipMultiThreadWarning = false
[DEBUG]   (f) source = 1.8
[DEBUG]   (f) staleMillis = 0
[DEBUG]   (s) target = 1.8
[DEBUG]   (f) testPath = [C:\project\backend\backend\target\test-classes, C:\project\backend\backend\target\classes, C:\Users\Vy-Ventures\.m2\repository\org\springframework\boot\spring-boot-starter-data-jpa\3.5.5\spring-boot-starter-data-jpa-3.5.5.jar, C:\Users\Vy-Ventures\.m2\repository\org\springframework\boot\spring-boot-starter\3.5.5\spring-boot-starter-3.5.5.jar, C:\Users\Vy-Ventures\.m2\repository\org\springframework\boot\spring-boot\3.5.5\spring-boot-3.5.5.jar, C:\Users\Vy-Ventures\.m2\repository\org\springframework\boot\spring-boot-autoconfigure\3.5.5\spring-boot-autoconfigure-3.5.5.jar, C:\Users\Vy-Ventures\.m2\repository\org\springframework\boot\spring-boot-starter-logging\3.5.5\spring-boot-starter-logging-3.5.5.jar, C:\Users\Vy-Ventures\.m2\repository\ch\qos\logback\logback-classic\1.5.18\logback-classic-1.5.18.jar, C:\Users\Vy-Ventures\.m2\repository\ch\qos\logback\logback-core\1.5.18\logback-core-1.5.18.jar, C:\Users\Vy-Ventures\.m2\repository\org\apache\logging\log4j\log4j-to-slf4j\2.24.3\log4j-to-slf4j-2.24.3.jar, C:\Users\Vy-Ventures\.m2\repository\org\apache\logging\log4j\log4j-api\2.24.3\log4j-api-2.24.3.jar, C:\Users\Vy-Ventures\.m2\repository\org\slf4j\jul-to-slf4j\2.0.17\jul-to-slf4j-2.0.17.jar, C:\Users\Vy-Ventures\.m2\repository\jakarta\annotation\jakarta.annotation-api\2.1.1\jakarta.annotation-api-2.1.1.jar, C:\Users\Vy-Ventures\.m2\repository\org\yaml\snakeyaml\2.4\snakeyaml-2.4.jar, C:\Users\Vy-Ventures\.m2\repository\org\springframework\boot\spring-boot-starter-jdbc\3.5.5\spring-boot-starter-jdbc-3.5.5.jar, C:\Users\Vy-Ventures\.m2\repository\com\zaxxer\HikariCP\6.3.2\HikariCP-6.3.2.jar, C:\Users\Vy-Ventures\.m2\repository\org\springframework\spring-jdbc\6.2.10\spring-jdbc-6.2.10.jar, C:\Users\Vy-Ventures\.m2\repository\org\hibernate\orm\hibernate-core\6.6.26.Final\hibernate-core-6.6.26.Final.jar, C:\Users\Vy-Ventures\.m2\repository\jakarta\persistence\jakarta.persistence-api\3.1.0\jakarta.persistence-api-3.1.0.jar, C:\Users\Vy-Ventures\.m2\repository\jakarta\transaction\jakarta.transaction-api\2.0.1\jakarta.transaction-api-2.0.1.jar, C:\Users\Vy-Ventures\.m2\repository\org\jboss\logging\jboss-logging\3.6.1.Final\jboss-logging-3.6.1.Final.jar, C:\Users\Vy-Ventures\.m2\repository\org\hibernate\common\hibernate-commons-annotations\7.0.3.Final\hibernate-commons-annotations-7.0.3.Final.jar, C:\Users\Vy-Ventures\.m2\repository\io\smallrye\jandex\3.2.0\jandex-3.2.0.jar, C:\Users\Vy-Ventures\.m2\repository\com\fasterxml\classmate\1.7.0\classmate-1.7.0.jar, C:\Users\Vy-Ventures\.m2\repository\net\bytebuddy\byte-buddy\1.17.7\byte-buddy-1.17.7.jar, C:\Users\Vy-Ventures\.m2\repository\org\glassfish\jaxb\jaxb-runtime\4.0.5\jaxb-runtime-4.0.5.jar, C:\Users\Vy-Ventures\.m2\repository\org\glassfish\jaxb\jaxb-core\4.0.5\jaxb-core-4.0.5.jar, C:\Users\Vy-Ventures\.m2\repository\org\eclipse\angus\angus-activation\2.0.2\angus-activation-2.0.2.jar, C:\Users\Vy-Ventures\.m2\repository\org\glassfish\jaxb\txw2\4.0.5\txw2-4.0.5.jar, C:\Users\Vy-Ventures\.m2\repository\com\sun\istack\istack-commons-runtime\4.1.2\istack-commons-runtime-4.1.2.jar, C:\Users\Vy-Ventures\.m2\repository\jakarta\inject\jakarta.inject-api\2.0.1\jakarta.inject-api-2.0.1.jar, C:\Users\Vy-Ventures\.m2\repository\org\antlr\antlr4-runtime\4.13.0\antlr4-runtime-4.13.0.jar, C:\Users\Vy-Ventures\.m2\repository\org\springframework\data\spring-data-jpa\3.5.3\spring-data-jpa-3.5.3.jar, C:\Users\Vy-Ventures\.m2\repository\org\springframework\data\spring-data-commons\3.5.3\spring-data-commons-3.5.3.jar, C:\Users\Vy-Ventures\.m2\repository\org\springframework\spring-orm\6.2.10\spring-orm-6.2.10.jar, C:\Users\Vy-Ventures\.m2\repository\org\springframework\spring-context\6.2.10\spring-context-6.2.10.jar, C:\Users\Vy-Ventures\.m2\repository\org\springframework\spring-aop\6.2.10\spring-aop-6.2.10.jar, C:\Users\Vy-Ventures\.m2\repository\org\springframework\spring-tx\6.2.10\spring-tx-6.2.10.jar, C:\Users\Vy-Ventures\.m2\repository\org\springframework\spring-beans\6.2.10\spring-beans-6.2.10.jar, C:\Users\Vy-Ventures\.m2\repository\org\slf4j\slf4j-api\2.0.17\slf4j-api-2.0.17.jar, C:\Users\Vy-Ventures\.m2\repository\org\springframework\spring-aspects\6.2.10\spring-aspects-6.2.10.jar, C:\Users\Vy-Ventures\.m2\repository\org\aspectj\aspectjweaver\1.9.24\aspectjweaver-1.9.24.jar, C:\Users\Vy-Ventures\.m2\repository\org\springframework\boot\spring-boot-starter-web\3.5.5\spring-boot-starter-web-3.5.5.jar, C:\Users\Vy-Ventures\.m2\repository\org\springframework\boot\spring-boot-starter-json\3.5.5\spring-boot-starter-json-3.5.5.jar, C:\Users\Vy-Ventures\.m2\repository\com\fasterxml\jackson\core\jackson-databind\2.19.2\jackson-databind-2.19.2.jar, C:\Users\Vy-Ventures\.m2\repository\com\fasterxml\jackson\core\jackson-annotations\2.19.2\jackson-annotations-2.19.2.jar, C:\Users\Vy-Ventures\.m2\repository\com\fasterxml\jackson\core\jackson-core\2.19.2\jackson-core-2.19.2.jar, C:\Users\Vy-Ventures\.m2\repository\com\fasterxml\jackson\datatype\jackson-datatype-jdk8\2.19.2\jackson-datatype-jdk8-2.19.2.jar, C:\Users\Vy-Ventures\.m2\repository\com\fasterxml\jackson\datatype\jackson-datatype-jsr310\2.19.2\jackson-datatype-jsr310-2.19.2.jar, C:\Users\Vy-Ventures\.m2\repository\com\fasterxml\jackson\module\jackson-module-parameter-names\2.19.2\jackson-module-parameter-names-2.19.2.jar, C:\Users\Vy-Ventures\.m2\repository\org\springframework\boot\spring-boot-starter-tomcat\3.5.5\spring-boot-starter-tomcat-3.5.5.jar, C:\Users\Vy-Ventures\.m2\repository\org\apache\tomcat\embed\tomcat-embed-core\10.1.44\tomcat-embed-core-10.1.44.jar, C:\Users\Vy-Ventures\.m2\repository\org\apache\tomcat\embed\tomcat-embed-el\10.1.44\tomcat-embed-el-10.1.44.jar, C:\Users\Vy-Ventures\.m2\repository\org\apache\tomcat\embed\tomcat-embed-websocket\10.1.44\tomcat-embed-websocket-10.1.44.jar, C:\Users\Vy-Ventures\.m2\repository\org\springframework\spring-web\6.2.10\spring-web-6.2.10.jar, C:\Users\Vy-Ventures\.m2\repository\io\micrometer\micrometer-observation\1.15.3\micrometer-observation-1.15.3.jar, C:\Users\Vy-Ventures\.m2\repository\io\micrometer\micrometer-commons\1.15.3\micrometer-commons-1.15.3.jar, C:\Users\Vy-Ventures\.m2\repository\org\springframework\spring-webmvc\6.2.10\spring-webmvc-6.2.10.jar, C:\Users\Vy-Ventures\.m2\repository\org\springframework\spring-expression\6.2.10\spring-expression-6.2.10.jar, C:\Users\Vy-Ventures\.m2\repository\com\mysql\mysql-connector-j\9.4.0\mysql-connector-j-9.4.0.jar, C:\Users\Vy-Ventures\.m2\repository\org\springframework\boot\spring-boot-starter-test\3.5.5\spring-boot-starter-test-3.5.5.jar, C:\Users\Vy-Ventures\.m2\repository\org\springframework\boot\spring-boot-test\3.5.5\spring-boot-test-3.5.5.jar, C:\Users\Vy-Ventures\.m2\repository\org\springframework\boot\spring-boot-test-autoconfigure\3.5.5\spring-boot-test-autoconfigure-3.5.5.jar, C:\Users\Vy-Ventures\.m2\repository\com\jayway\jsonpath\json-path\2.9.0\json-path-2.9.0.jar, C:\Users\Vy-Ventures\.m2\repository\jakarta\xml\bind\jakarta.xml.bind-api\4.0.2\jakarta.xml.bind-api-4.0.2.jar, C:\Users\Vy-Ventures\.m2\repository\jakarta\activation\jakarta.activation-api\2.1.3\jakarta.activation-api-2.1.3.jar, C:\Users\Vy-Ventures\.m2\repository\net\minidev\json-smart\2.5.2\json-smart-2.5.2.jar, C:\Users\Vy-Ventures\.m2\repository\net\minidev\accessors-smart\2.5.2\accessors-smart-2.5.2.jar, C:\Users\Vy-Ventures\.m2\repository\org\ow2\asm\asm\9.7.1\asm-9.7.1.jar, C:\Users\Vy-Ventures\.m2\repository\org\assertj\assertj-core\3.27.4\assertj-core-3.27.4.jar, C:\Users\Vy-Ventures\.m2\repository\org\awaitility\awaitility\4.2.2\awaitility-4.2.2.jar, C:\Users\Vy-Ventures\.m2\repository\org\hamcrest\hamcrest\3.0\hamcrest-3.0.jar, C:\Users\Vy-Ventures\.m2\repository\org\junit\jupiter\junit-jupiter\5.12.2\junit-jupiter-5.12.2.jar, C:\Users\Vy-Ventures\.m2\repository\org\junit\jupiter\junit-jupiter-api\5.12.2\junit-jupiter-api-5.12.2.jar, C:\Users\Vy-Ventures\.m2\repository\org\opentest4j\opentest4j\1.3.0\opentest4j-1.3.0.jar, C:\Users\Vy-Ventures\.m2\repository\org\junit\platform\junit-platform-commons\1.12.2\junit-platform-commons-1.12.2.jar, C:\Users\Vy-Ventures\.m2\repository\org\apiguardian\apiguardian-api\1.1.2\apiguardian-api-1.1.2.jar, C:\Users\Vy-Ventures\.m2\repository\org\junit\jupiter\junit-jupiter-params\5.12.2\junit-jupiter-params-5.12.2.jar, C:\Users\Vy-Ventures\.m2\repository\org\junit\jupiter\junit-jupiter-engine\5.12.2\junit-jupiter-engine-5.12.2.jar, C:\Users\Vy-Ventures\.m2\repository\org\junit\platform\junit-platform-engine\1.12.2\junit-platform-engine-1.12.2.jar, C:\Users\Vy-Ventures\.m2\repository\org\mockito\mockito-core\5.17.0\mockito-core-5.17.0.jar, C:\Users\Vy-Ventures\.m2\repository\net\bytebuddy\byte-buddy-agent\1.17.7\byte-buddy-agent-1.17.7.jar, C:\Users\Vy-Ventures\.m2\repository\org\objenesis\objenesis\3.3\objenesis-3.3.jar, C:\Users\Vy-Ventures\.m2\repository\org\mockito\mockito-junit-jupiter\5.17.0\mockito-junit-jupiter-5.17.0.jar, C:\Users\Vy-Ventures\.m2\repository\org\skyscreamer\jsonassert\1.5.3\jsonassert-1.5.3.jar, C:\Users\Vy-Ventures\.m2\repository\com\vaadin\external\google\android-json\0.0.20131108.vaadin1\android-json-0.0.20131108.vaadin1.jar, C:\Users\Vy-Ventures\.m2\repository\org\springframework\spring-core\6.2.10\spring-core-6.2.10.jar, C:\Users\Vy-Ventures\.m2\repository\org\springframework\spring-jcl\6.2.10\spring-jcl-6.2.10.jar, C:\Users\Vy-Ventures\.m2\repository\org\springframework\spring-test\6.2.10\spring-test-6.2.10.jar, C:\Users\Vy-Ventures\.m2\repository\org\xmlunit\xmlunit-core\2.10.3\xmlunit-core-2.10.3.jar]
[DEBUG]   (f) useIncrementalCompilation = true
[DEBUG]   (f) useModulePath = true
[DEBUG]   (f) verbose = false
[DEBUG] -- end configuration --
[DEBUG] Using compiler 'javac'.
[DEBUG] Adding C:\project\backend\backend\target\generated-test-sources\test-annotations to test-compile source roots:
  C:\project\backend\backend\src\test\java
[DEBUG] New test-compile source roots:
  C:\project\backend\backend\src\test\java
  C:\project\backend\backend\target\generated-test-sources\test-annotations
[DEBUG] CompilerReuseStrategy: reuseCreated
[DEBUG] useIncrementalCompilation enabled
[INFO] Nothing to compile - all classes are up to date.
[INFO] 
[INFO] <<< spring-boot:3.5.5:run (default-cli) < test-compile @ backend <<<
[INFO] 
[INFO] 
[INFO] --- spring-boot:3.5.5:run (default-cli) @ backend ---
[DEBUG] Loading mojo org.springframework.boot:spring-boot-maven-plugin:3.5.5:run from plugin realm ClassRealm[plugin>org.springframework.boot:spring-boot-maven-plugin:3.5.5, parent: jdk.internal.loader.ClassLoaders$AppClassLoader@18b4aac2]
[DEBUG] Configuring mojo execution 'org.springframework.boot:spring-boot-maven-plugin:3.5.5:run:default-cli' with basic configurator -->
[DEBUG]   (f) addResources = false
[DEBUG]   (f) additionalClasspathElements = []
[DEBUG]   (f) agents = []
[DEBUG]   (f) classesDirectory = C:\project\backend\backend\target\classes
[DEBUG]   (f) excludes = []
[DEBUG]   (f) includes = []
[DEBUG]   (f) optimizedLaunch = true
[DEBUG]   (f) profiles = []
[DEBUG]   (f) project = MavenProject: com.example:backend:0.0.1-SNAPSHOT @ C:\project\backend\backend\pom.xml
[DEBUG]   (f) session = org.apache.maven.execution.MavenSession@6fadd661
[DEBUG]   (f) skip = false
[DEBUG]   (f) useTestClasspath = false
[DEBUG] -- end configuration --
[INFO] Attaching agents: []
[DEBUG] JVM argument: -XX:TieredStopAtLevel=1
[DEBUG] Classpath for forked process: C:\project\backend\backend\target\classes;C:\Users\Vy-Ventures\.m2\repository\org\springframework\boot\spring-boot\3.5.5\spring-boot-3.5.5.jar;C:\Users\Vy-Ventures\.m2\repository\org\springframework\boot\spring-boot-autoconfigure\3.5.5\spring-boot-autoconfigure-3.5.5.jar;C:\Users\Vy-Ventures\.m2\repository\ch\qos\logback\logback-classic\1.5.18\logback-classic-1.5.18.jar;C:\Users\Vy-Ventures\.m2\repository\ch\qos\logback\logback-core\1.5.18\logback-core-1.5.18.jar;C:\Users\Vy-Ventures\.m2\repository\org\apache\logging\log4j\log4j-to-slf4j\2.24.3\log4j-to-slf4j-2.24.3.jar;C:\Users\Vy-Ventures\.m2\repository\org\apache\logging\log4j\log4j-api\2.24.3\log4j-api-2.24.3.jar;C:\Users\Vy-Ventures\.m2\repository\org\slf4j\jul-to-slf4j\2.0.17\jul-to-slf4j-2.0.17.jar;C:\Users\Vy-Ventures\.m2\repository\jakarta\annotation\jakarta.annotation-api\2.1.1\jakarta.annotation-api-2.1.1.jar;C:\Users\Vy-Ventures\.m2\repository\org\yaml\snakeyaml\2.4\snakeyaml-2.4.jar;C:\Users\Vy-Ventures\.m2\repository\com\zaxxer\HikariCP\6.3.2\HikariCP-6.3.2.jar;C:\Users\Vy-Ventures\.m2\repository\org\springframework\spring-jdbc\6.2.10\spring-jdbc-6.2.10.jar;C:\Users\Vy-Ventures\.m2\repository\org\hibernate\orm\hibernate-core\6.6.26.Final\hibernate-core-6.6.26.Final.jar;C:\Users\Vy-Ventures\.m2\repository\jakarta\persistence\jakarta.persistence-api\3.1.0\jakarta.persistence-api-3.1.0.jar;C:\Users\Vy-Ventures\.m2\repository\jakarta\transaction\jakarta.transaction-api\2.0.1\jakarta.transaction-api-2.0.1.jar;C:\Users\Vy-Ventures\.m2\repository\org\jboss\logging\jboss-logging\3.6.1.Final\jboss-logging-3.6.1.Final.jar;C:\Users\Vy-Ventures\.m2\repository\org\hibernate\common\hibernate-commons-annotations\7.0.3.Final\hibernate-commons-annotations-7.0.3.Final.jar;C:\Users\Vy-Ventures\.m2\repository\io\smallrye\jandex\3.2.0\jandex-3.2.0.jar;C:\Users\Vy-Ventures\.m2\repository\com\fasterxml\classmate\1.7.0\classmate-1.7.0.jar;C:\Users\Vy-Ventures\.m2\repository\net\bytebuddy\byte-buddy\1.17.7\byte-buddy-1.17.7.jar;C:\Users\Vy-Ventures\.m2\repository\org\glassfish\jaxb\jaxb-runtime\4.0.5\jaxb-runtime-4.0.5.jar;C:\Users\Vy-Ventures\.m2\repository\org\glassfish\jaxb\jaxb-core\4.0.5\jaxb-core-4.0.5.jar;C:\Users\Vy-Ventures\.m2\repository\org\eclipse\angus\angus-activation\2.0.2\angus-activation-2.0.2.jar;C:\Users\Vy-Ventures\.m2\repository\org\glassfish\jaxb\txw2\4.0.5\txw2-4.0.5.jar;C:\Users\Vy-Ventures\.m2\repository\com\sun\istack\istack-commons-runtime\4.1.2\istack-commons-runtime-4.1.2.jar;C:\Users\Vy-Ventures\.m2\repository\jakarta\inject\jakarta.inject-api\2.0.1\jakarta.inject-api-2.0.1.jar;C:\Users\Vy-Ventures\.m2\repository\org\antlr\antlr4-runtime\4.13.0\antlr4-runtime-4.13.0.jar;C:\Users\Vy-Ventures\.m2\repository\org\springframework\data\spring-data-jpa\3.5.3\spring-data-jpa-3.5.3.jar;C:\Users\Vy-Ventures\.m2\repository\org\springframework\data\spring-data-commons\3.5.3\spring-data-commons-3.5.3.jar;C:\Users\Vy-Ventures\.m2\repository\org\springframework\spring-orm\6.2.10\spring-orm-6.2.10.jar;C:\Users\Vy-Ventures\.m2\repository\org\springframework\spring-context\6.2.10\spring-context-6.2.10.jar;C:\Users\Vy-Ventures\.m2\repository\org\springframework\spring-aop\6.2.10\spring-aop-6.2.10.jar;C:\Users\Vy-Ventures\.m2\repository\org\springframework\spring-tx\6.2.10\spring-tx-6.2.10.jar;C:\Users\Vy-Ventures\.m2\repository\org\springframework\spring-beans\6.2.10\spring-beans-6.2.10.jar;C:\Users\Vy-Ventures\.m2\repository\org\slf4j\slf4j-api\2.0.17\slf4j-api-2.0.17.jar;C:\Users\Vy-Ventures\.m2\repository\org\springframework\spring-aspects\6.2.10\spring-aspects-6.2.10.jar;C:\Users\Vy-Ventures\.m2\repository\org\aspectj\aspectjweaver\1.9.24\aspectjweaver-1.9.24.jar;C:\Users\Vy-Ventures\.m2\repository\com\fasterxml\jackson\core\jackson-databind\2.19.2\jackson-databind-2.19.2.jar;C:\Users\Vy-Ventures\.m2\repository\com\fasterxml\jackson\core\jackson-annotations\2.19.2\jackson-annotations-2.19.2.jar;C:\Users\Vy-Ventures\.m2\repository\com\fasterxml\jackson\core\jackson-core\2.19.2\jackson-core-2.19.2.jar;C:\Users\Vy-Ventures\.m2\repository\com\fasterxml\jackson\datatype\jackson-datatype-jdk8\2.19.2\jackson-datatype-jdk8-2.19.2.jar;C:\Users\Vy-Ventures\.m2\repository\com\fasterxml\jackson\datatype\jackson-datatype-jsr310\2.19.2\jackson-datatype-jsr310-2.19.2.jar;C:\Users\Vy-Ventures\.m2\repository\com\fasterxml\jackson\module\jackson-module-parameter-names\2.19.2\jackson-module-parameter-names-2.19.2.jar;C:\Users\Vy-Ventures\.m2\repository\org\apache\tomcat\embed\tomcat-embed-core\10.1.44\tomcat-embed-core-10.1.44.jar;C:\Users\Vy-Ventures\.m2\repository\org\apache\tomcat\embed\tomcat-embed-el\10.1.44\tomcat-embed-el-10.1.44.jar;C:\Users\Vy-Ventures\.m2\repository\org\apache\tomcat\embed\tomcat-embed-websocket\10.1.44\tomcat-embed-websocket-10.1.44.jar;C:\Users\Vy-Ventures\.m2\repository\org\springframework\spring-web\6.2.10\spring-web-6.2.10.jar;C:\Users\Vy-Ventures\.m2\repository\io\micrometer\micrometer-observation\1.15.3\micrometer-observation-1.15.3.jar;C:\Users\Vy-Ventures\.m2\repository\io\micrometer\micrometer-commons\1.15.3\micrometer-commons-1.15.3.jar;C:\Users\Vy-Ventures\.m2\repository\org\springframework\spring-webmvc\6.2.10\spring-webmvc-6.2.10.jar;C:\Users\Vy-Ventures\.m2\repository\org\springframework\spring-expression\6.2.10\spring-expression-6.2.10.jar;C:\Users\Vy-Ventures\.m2\repository\com\mysql\mysql-connector-j\9.4.0\mysql-connector-j-9.4.0.jar;C:\Users\Vy-Ventures\.m2\repository\jakarta\xml\bind\jakarta.xml.bind-api\4.0.2\jakarta.xml.bind-api-4.0.2.jar;C:\Users\Vy-Ventures\.m2\repository\jakarta\activation\jakarta.activation-api\2.1.3\jakarta.activation-api-2.1.3.jar;C:\Users\Vy-Ventures\.m2\repository\org\springframework\spring-core\6.2.10\spring-core-6.2.10.jar;C:\Users\Vy-Ventures\.m2\repository\org\springframework\spring-jcl\6.2.10\spring-jcl-6.2.10.jar
[DEBUG] Application arguments: 
[DEBUG] Working directory: C:\project\backend\backend
[DEBUG] Java arguments: -XX:TieredStopAtLevel=1 -cp @C:\Users\VY-VEN~1\AppData\Local\Temp\spring-boot-4345709743399568136.argfile com.example.backend.BackendApplication
[DEBUG] Environment variables: 
[INFO] [stdout] 
[INFO] [stdout]   .   ____          _            __ _ _
[INFO] [stdout]  /\\ / ___'_ __ _ _(_)_ __  __ _ \ \ \ \
[INFO] [stdout] ( ( )\___ | '_ | '_| | '_ \/ _` | \ \ \ \
[INFO] [stdout]  \\/  ___)| |_)| | | | | || (_| |  ) ) ) )
[INFO] [stdout]   '  |____| .__|_| |_|_| |_\__, | / / / /
[INFO] [stdout]  =========|_|==============|___/=/_/_/_/
[INFO] [stdout] 
[INFO] [stdout]  :: Spring Boot ::                (v3.5.5)
[INFO] [stdout] 
[INFO] [stdout] 2025-08-25T16:42:37.839+05:30  INFO 6160 --- [backend] [           main] com.example.backend.BackendApplication   : Starting BackendApplication using Java 24.0.2 with PID 6160 (C:\project\backend\backend\target\classes started by Vy-Ventures in C:\project\backend\backend)
[INFO] [stdout] 2025-08-25T16:42:37.844+05:30  INFO 6160 --- [backend] [           main] com.example.backend.BackendApplication   : No active profile set, falling back to 1 default profile: "default"
[INFO] [stdout] 2025-08-25T16:42:39.186+05:30  INFO 6160 --- [backend] [           main] .s.d.r.c.RepositoryConfigurationDelegate : Bootstrapping Spring Data JPA repositories in DEFAULT mode.
[INFO] [stdout] 2025-08-25T16:42:39.283+05:30  INFO 6160 --- [backend] [           main] .s.d.r.c.RepositoryConfigurationDelegate : Finished Spring Data repository scanning in 78 ms. Found 1 JPA repository interface.
[INFO] [stdout] 2025-08-25T16:42:40.090+05:30  INFO 6160 --- [backend] [           main] o.s.b.w.embedded.tomcat.TomcatWebServer  : Tomcat initialized with port 8080 (http)
[INFO] [stdout] 2025-08-25T16:42:40.115+05:30  INFO 6160 --- [backend] [           main] o.apache.catalina.core.StandardService   : Starting service [Tomcat]
[INFO] [stdout] 2025-08-25T16:42:40.116+05:30  INFO 6160 --- [backend] [           main] o.apache.catalina.core.StandardEngine    : Starting Servlet engine: [Apache Tomcat/10.1.44]
[INFO] [stdout] 2025-08-25T16:42:40.222+05:30  INFO 6160 --- [backend] [           main] o.a.c.c.C.[Tomcat].[localhost].[/]       : Initializing Spring embedded WebApplicationContext
[INFO] [stdout] 2025-08-25T16:42:40.223+05:30  INFO 6160 --- [backend] [           main] w.s.c.ServletWebServerApplicationContext : Root WebApplicationContext: initialization completed in 2239 ms
[INFO] [stdout] 2025-08-25T16:42:40.510+05:30  INFO 6160 --- [backend] [           main] o.hibernate.jpa.internal.util.LogHelper  : HHH000204: Processing PersistenceUnitInfo [name: default]
[INFO] [stdout] 2025-08-25T16:42:40.602+05:30  INFO 6160 --- [backend] [           main] org.hibernate.Version                    : HHH000412: Hibernate ORM core version 6.6.26.Final
[INFO] [stdout] 2025-08-25T16:42:40.655+05:30  INFO 6160 --- [backend] [           main] o.h.c.internal.RegionFactoryInitiator    : HHH000026: Second-level cache disabled
[INFO] [stdout] 2025-08-25T16:42:41.116+05:30  INFO 6160 --- [backend] [           main] o.s.o.j.p.SpringPersistenceUnitInfo      : No LoadTimeWeaver setup: ignoring JPA class transformer
[INFO] [stdout] 2025-08-25T16:42:41.162+05:30  INFO 6160 --- [backend] [           main] com.zaxxer.hikari.HikariDataSource       : HikariPool-1 - Starting...
[INFO] [stdout] 2025-08-25T16:42:43.044+05:30  WARN 6160 --- [backend] [           main] o.h.engine.jdbc.spi.SqlExceptionHelper   : SQL Error: 1045, SQLState: 28000
[INFO] [stdout] 2025-08-25T16:42:43.045+05:30 ERROR 6160 --- [backend] [           main] o.h.engine.jdbc.spi.SqlExceptionHelper   : Access denied for user 'root'@'localhost' (using password: YES)
[INFO] [stdout] 2025-08-25T16:42:43.050+05:30  WARN 6160 --- [backend] [           main] o.h.e.j.e.i.JdbcEnvironmentInitiator     : HHH000342: Could not obtain connection to query metadata
[INFO] [stdout] 
[INFO] [stdout] org.hibernate.exception.GenericJDBCException: unable to obtain isolated JDBC connection [Access denied for user 'root'@'localhost' (using password: YES)] [n/a]
[INFO] [stdout] 	at org.hibernate.exception.internal.StandardSQLExceptionConverter.convert(StandardSQLExceptionConverter.java:63) ~[hibernate-core-6.6.26.Final.jar:6.6.26.Final]
[INFO] [stdout] 	at org.hibernate.engine.jdbc.spi.SqlExceptionHelper.convert(SqlExceptionHelper.java:108) ~[hibernate-core-6.6.26.Final.jar:6.6.26.Final]
[INFO] [stdout] 	at org.hibernate.engine.jdbc.spi.SqlExceptionHelper.convert(SqlExceptionHelper.java:94) ~[hibernate-core-6.6.26.Final.jar:6.6.26.Final]
[INFO] [stdout] 	at org.hibernate.resource.transaction.backend.jdbc.internal.JdbcIsolationDelegate.delegateWork(JdbcIsolationDelegate.java:116) ~[hibernate-core-6.6.26.Final.jar:6.6.26.Final]
[INFO] [stdout] 	at org.hibernate.engine.jdbc.env.internal.JdbcEnvironmentInitiator.getJdbcEnvironmentUsingJdbcMetadata(JdbcEnvironmentInitiator.java:334) ~[hibernate-core-6.6.26.Final.jar:6.6.26.Final]
[INFO] [stdout] 	at org.hibernate.engine.jdbc.env.internal.JdbcEnvironmentInitiator.initiateService(JdbcEnvironmentInitiator.java:129) ~[hibernate-core-6.6.26.Final.jar:6.6.26.Final]
[INFO] [stdout] 	at org.hibernate.engine.jdbc.env.internal.JdbcEnvironmentInitiator.initiateService(JdbcEnvironmentInitiator.java:81) ~[hibernate-core-6.6.26.Final.jar:6.6.26.Final]
[INFO] [stdout] 	at org.hibernate.boot.registry.internal.StandardServiceRegistryImpl.initiateService(StandardServiceRegistryImpl.java:130) ~[hibernate-core-6.6.26.Final.jar:6.6.26.Final]
[INFO] [stdout] 	at org.hibernate.service.internal.AbstractServiceRegistryImpl.createService(AbstractServiceRegistryImpl.java:263) ~[hibernate-core-6.6.26.Final.jar:6.6.26.Final]
[INFO] [stdout] 	at org.hibernate.service.internal.AbstractServiceRegistryImpl.initializeService(AbstractServiceRegistryImpl.java:238) ~[hibernate-core-6.6.26.Final.jar:6.6.26.Final]
[INFO] [stdout] 	at org.hibernate.service.internal.AbstractServiceRegistryImpl.getService(AbstractServiceRegistryImpl.java:215) ~[hibernate-core-6.6.26.Final.jar:6.6.26.Final]
[INFO] [stdout] 	at org.hibernate.boot.model.relational.Database.<init>(Database.java:45) ~[hibernate-core-6.6.26.Final.jar:6.6.26.Final]
[INFO] [stdout] 	at org.hibernate.boot.internal.InFlightMetadataCollectorImpl.getDatabase(InFlightMetadataCollectorImpl.java:226) ~[hibernate-core-6.6.26.Final.jar:6.6.26.Final]
[INFO] [stdout] 	at org.hibernate.boot.internal.InFlightMetadataCollectorImpl.<init>(InFlightMetadataCollectorImpl.java:194) ~[hibernate-core-6.6.26.Final.jar:6.6.26.Final]
[INFO] [stdout] 	at org.hibernate.boot.model.process.spi.MetadataBuildingProcess.complete(MetadataBuildingProcess.java:171) ~[hibernate-core-6.6.26.Final.jar:6.6.26.Final]
[INFO] [stdout] 	at org.hibernate.jpa.boot.internal.EntityManagerFactoryBuilderImpl.metadata(EntityManagerFactoryBuilderImpl.java:1442) ~[hibernate-core-6.6.26.Final.jar:6.6.26.Final]
[INFO] [stdout] 	at org.hibernate.jpa.boot.internal.EntityManagerFactoryBuilderImpl.build(EntityManagerFactoryBuilderImpl.java:1513) ~[hibernate-core-6.6.26.Final.jar:6.6.26.Final]
[INFO] [stdout] 	at org.springframework.orm.jpa.vendor.SpringHibernateJpaPersistenceProvider.createContainerEntityManagerFactory(SpringHibernateJpaPersistenceProvider.java:66) ~[spring-orm-6.2.10.jar:6.2.10]
[INFO] [stdout] 	at org.springframework.orm.jpa.LocalContainerEntityManagerFactoryBean.createNativeEntityManagerFactory(LocalContainerEntityManagerFactoryBean.java:390) ~[spring-orm-6.2.10.jar:6.2.10]
[INFO] [stdout] 	at org.springframework.orm.jpa.AbstractEntityManagerFactoryBean.buildNativeEntityManagerFactory(AbstractEntityManagerFactoryBean.java:419) ~[spring-orm-6.2.10.jar:6.2.10]
[INFO] [stdout] 	at org.springframework.orm.jpa.AbstractEntityManagerFactoryBean.afterPropertiesSet(AbstractEntityManagerFactoryBean.java:400) ~[spring-orm-6.2.10.jar:6.2.10]
[INFO] [stdout] 	at org.springframework.orm.jpa.LocalContainerEntityManagerFactoryBean.afterPropertiesSet(LocalContainerEntityManagerFactoryBean.java:366) ~[spring-orm-6.2.10.jar:6.2.10]
[INFO] [stdout] 	at org.springframework.beans.factory.support.AbstractAutowireCapableBeanFactory.invokeInitMethods(AbstractAutowireCapableBeanFactory.java:1873) ~[spring-beans-6.2.10.jar:6.2.10]
[INFO] [stdout] 	at org.springframework.beans.factory.support.AbstractAutowireCapableBeanFactory.initializeBean(AbstractAutowireCapableBeanFactory.java:1822) ~[spring-beans-6.2.10.jar:6.2.10]
[INFO] [stdout] 	at org.springframework.beans.factory.support.AbstractAutowireCapableBeanFactory.doCreateBean(AbstractAutowireCapableBeanFactory.java:607) ~[spring-beans-6.2.10.jar:6.2.10]
[INFO] [stdout] 	at org.springframework.beans.factory.support.AbstractAutowireCapableBeanFactory.createBean(AbstractAutowireCapableBeanFactory.java:529) ~[spring-beans-6.2.10.jar:6.2.10]
[INFO] [stdout] 	at org.springframework.beans.factory.support.AbstractBeanFactory.lambda$doGetBean$0(AbstractBeanFactory.java:339) ~[spring-beans-6.2.10.jar:6.2.10]
[INFO] [stdout] 	at org.springframework.beans.factory.support.DefaultSingletonBeanRegistry.getSingleton(DefaultSingletonBeanRegistry.java:373) ~[spring-beans-6.2.10.jar:6.2.10]
[INFO] [stdout] 	at org.springframework.beans.factory.support.AbstractBeanFactory.doGetBean(AbstractBeanFactory.java:337) ~[spring-beans-6.2.10.jar:6.2.10]
[INFO] [stdout] 	at org.springframework.beans.factory.support.AbstractBeanFactory.getBean(AbstractBeanFactory.java:207) ~[spring-beans-6.2.10.jar:6.2.10]
[INFO] [stdout] 	at org.springframework.context.support.AbstractApplicationContext.finishBeanFactoryInitialization(AbstractApplicationContext.java:970) ~[spring-context-6.2.10.jar:6.2.10]
[INFO] [stdout] 	at org.springframework.context.support.AbstractApplicationContext.refresh(AbstractApplicationContext.java:627) ~[spring-context-6.2.10.jar:6.2.10]
[INFO] [stdout] 	at org.springframework.boot.web.servlet.context.ServletWebServerApplicationContext.refresh(ServletWebServerApplicationContext.java:146) ~[spring-boot-3.5.5.jar:3.5.5]
[INFO] [stdout] 	at org.springframework.boot.SpringApplication.refresh(SpringApplication.java:752) ~[spring-boot-3.5.5.jar:3.5.5]
[INFO] [stdout] 	at org.springframework.boot.SpringApplication.refreshContext(SpringApplication.java:439) ~[spring-boot-3.5.5.jar:3.5.5]
[INFO] [stdout] 	at org.springframework.boot.SpringApplication.run(SpringApplication.java:318) ~[spring-boot-3.5.5.jar:3.5.5]
[INFO] [stdout] 	at org.springframework.boot.SpringApplication.run(SpringApplication.java:1361) ~[spring-boot-3.5.5.jar:3.5.5]
[INFO] [stdout] 	at org.springframework.boot.SpringApplication.run(SpringApplication.java:1350) ~[spring-boot-3.5.5.jar:3.5.5]
[INFO] [stdout] 	at com.example.backend.BackendApplication.main(BackendApplication.java:10) ~[classes/:na]
[INFO] [stdout] Caused by: java.sql.SQLException: Access denied for user 'root'@'localhost' (using password: YES)
[INFO] [stdout] 	at com.mysql.cj.jdbc.exceptions.SQLError.createSQLException(SQLError.java:121) ~[mysql-connector-j-9.4.0.jar:9.4.0]
[INFO] [stdout] 	at com.mysql.cj.jdbc.exceptions.SQLExceptionsMapping.translateException(SQLExceptionsMapping.java:114) ~[mysql-connector-j-9.4.0.jar:9.4.0]
[INFO] [stdout] 	at com.mysql.cj.jdbc.ConnectionImpl.createNewIO(ConnectionImpl.java:839) ~[mysql-connector-j-9.4.0.jar:9.4.0]
[INFO] [stdout] 	at com.mysql.cj.jdbc.ConnectionImpl.<init>(ConnectionImpl.java:415) ~[mysql-connector-j-9.4.0.jar:9.4.0]
[INFO] [stdout] 	at com.mysql.cj.jdbc.ConnectionImpl.getInstance(ConnectionImpl.java:237) ~[mysql-connector-j-9.4.0.jar:9.4.0]
[INFO] [stdout] 	at com.mysql.cj.jdbc.NonRegisteringDriver.connect(NonRegisteringDriver.java:180) ~[mysql-connector-j-9.4.0.jar:9.4.0]
[INFO] [stdout] 	at com.zaxxer.hikari.util.DriverDataSource.getConnection(DriverDataSource.java:144) ~[HikariCP-6.3.2.jar:na]
[INFO] [stdout] 	at com.zaxxer.hikari.pool.PoolBase.newConnection(PoolBase.java:370) ~[HikariCP-6.3.2.jar:na]
[INFO] [stdout] 	at com.zaxxer.hikari.pool.PoolBase.newPoolEntry(PoolBase.java:207) ~[HikariCP-6.3.2.jar:na]
[INFO] [stdout] 	at com.zaxxer.hikari.pool.HikariPool.createPoolEntry(HikariPool.java:488) ~[HikariCP-6.3.2.jar:na]
[INFO] [stdout] 	at com.zaxxer.hikari.pool.HikariPool.checkFailFast(HikariPool.java:576) ~[HikariCP-6.3.2.jar:na]
[INFO] [stdout] 	at com.zaxxer.hikari.pool.HikariPool.<init>(HikariPool.java:97) ~[HikariCP-6.3.2.jar:na]
[INFO] [stdout] 	at com.zaxxer.hikari.HikariDataSource.getConnection(HikariDataSource.java:111) ~[HikariCP-6.3.2.jar:na]
[INFO] [stdout] 	at org.hibernate.engine.jdbc.connections.internal.DatasourceConnectionProviderImpl.getConnection(DatasourceConnectionProviderImpl.java:126) ~[hibernate-core-6.6.26.Final.jar:6.6.26.Final]
[INFO] [stdout] 	at org.hibernate.engine.jdbc.env.internal.JdbcEnvironmentInitiator$ConnectionProviderJdbcConnectionAccess.obtainConnection(JdbcEnvironmentInitiator.java:485) ~[hibernate-core-6.6.26.Final.jar:6.6.26.Final]
[INFO] [stdout] 	at org.hibernate.resource.transaction.backend.jdbc.internal.JdbcIsolationDelegate.delegateWork(JdbcIsolationDelegate.java:61) ~[hibernate-core-6.6.26.Final.jar:6.6.26.Final]
[INFO] [stdout] 	... 35 common frames omitted
[INFO] [stdout] 
[INFO] [stdout] 2025-08-25T16:42:43.119+05:30  WARN 6160 --- [backend] [           main] org.hibernate.orm.deprecation            : HHH90000025: MySQL8Dialect does not need to be specified explicitly using 'hibernate.dialect' (remove the property setting and it will be selected by default)
[INFO] [stdout] 2025-08-25T16:42:43.121+05:30  WARN 6160 --- [backend] [           main] org.hibernate.orm.deprecation            : HHH90000026: MySQL8Dialect has been deprecated; use org.hibernate.dialect.MySQLDialect instead
[INFO] [stdout] 2025-08-25T16:42:43.137+05:30  INFO 6160 --- [backend] [           main] org.hibernate.orm.connections.pooling    : HHH10001005: Database info:
[INFO] [stdout] 	Database JDBC URL [Connecting through datasource 'HikariDataSource (null)']
[INFO] [stdout] 	Database driver: undefined/unknown
[INFO] [stdout] 	Database version: 8.0
[INFO] [stdout] 	Autocommit mode: undefined/unknown
[INFO] [stdout] 	Isolation level: undefined/unknown
[INFO] [stdout] 	Minimum pool size: undefined/unknown
[INFO] [stdout] 	Maximum pool size: undefined/unknown
[INFO] [stdout] 2025-08-25T16:42:44.328+05:30  INFO 6160 --- [backend] [           main] o.h.e.t.j.p.i.JtaPlatformInitiator       : HHH000489: No JTA platform available (set 'hibernate.transaction.jta.platform' to enable JTA platform integration)
[INFO] [stdout] 2025-08-25T16:42:44.364+05:30  INFO 6160 --- [backend] [           main] com.zaxxer.hikari.HikariDataSource       : HikariPool-1 - Starting...
[INFO] [stdout] 2025-08-25T16:42:45.371+05:30  WARN 6160 --- [backend] [           main] o.h.engine.jdbc.spi.SqlExceptionHelper   : SQL Error: 1045, SQLState: 28000
[INFO] [stdout] 2025-08-25T16:42:45.372+05:30 ERROR 6160 --- [backend] [           main] o.h.engine.jdbc.spi.SqlExceptionHelper   : Access denied for user 'root'@'localhost' (using password: YES)
[INFO] [stdout] 2025-08-25T16:42:45.393+05:30 ERROR 6160 --- [backend] [           main] j.LocalContainerEntityManagerFactoryBean : Failed to initialize JPA EntityManagerFactory: [PersistenceUnit: default] Unable to build Hibernate SessionFactory; nested exception is org.hibernate.exception.GenericJDBCException: Unable to open JDBC Connection for DDL execution [Access denied for user 'root'@'localhost' (using password: YES)] [n/a]
[INFO] [stdout] 2025-08-25T16:42:45.396+05:30  WARN 6160 --- [backend] [           main] ConfigServletWebServerApplicationContext : Exception encountered during context initialization - cancelling refresh attempt: org.springframework.beans.factory.BeanCreationException: Error creating bean with name 'entityManagerFactory' defined in class path resource [org/springframework/boot/autoconfigure/orm/jpa/HibernateJpaConfiguration.class]: [PersistenceUnit: default] Unable to build Hibernate SessionFactory; nested exception is org.hibernate.exception.GenericJDBCException: Unable to open JDBC Connection for DDL execution [Access denied for user 'root'@'localhost' (using password: YES)] [n/a]
[INFO] [stdout] 2025-08-25T16:42:45.402+05:30  INFO 6160 --- [backend] [           main] o.apache.catalina.core.StandardService   : Stopping service [Tomcat]
[INFO] [stdout] 2025-08-25T16:42:45.429+05:30  INFO 6160 --- [backend] [           main] .s.b.a.l.ConditionEvaluationReportLogger : 
[INFO] [stdout] 
[INFO] [stdout] Error starting ApplicationContext. To display the condition evaluation report re-run your application with 'debug' enabled.
[INFO] [stdout] 2025-08-25T16:42:45.454+05:30 ERROR 6160 --- [backend] [           main] o.s.boot.SpringApplication               : Application run failed
[INFO] [stdout] 
[INFO] [stdout] org.springframework.beans.factory.BeanCreationException: Error creating bean with name 'entityManagerFactory' defined in class path resource [org/springframework/boot/autoconfigure/orm/jpa/HibernateJpaConfiguration.class]: [PersistenceUnit: default] Unable to build Hibernate SessionFactory; nested exception is org.hibernate.exception.GenericJDBCException: Unable to open JDBC Connection for DDL execution [Access denied for user 'root'@'localhost' (using password: YES)] [n/a]
[INFO] [stdout] 	at org.springframework.beans.factory.support.AbstractAutowireCapableBeanFactory.initializeBean(AbstractAutowireCapableBeanFactory.java:1826) ~[spring-beans-6.2.10.jar:6.2.10]
[INFO] [stdout] 	at org.springframework.beans.factory.support.AbstractAutowireCapableBeanFactory.doCreateBean(AbstractAutowireCapableBeanFactory.java:607) ~[spring-beans-6.2.10.jar:6.2.10]
[INFO] [stdout] 	at org.springframework.beans.factory.support.AbstractAutowireCapableBeanFactory.createBean(AbstractAutowireCapableBeanFactory.java:529) ~[spring-beans-6.2.10.jar:6.2.10]
[INFO] [stdout] 	at org.springframework.beans.factory.support.AbstractBeanFactory.lambda$doGetBean$0(AbstractBeanFactory.java:339) ~[spring-beans-6.2.10.jar:6.2.10]
[INFO] [stdout] 	at org.springframework.beans.factory.support.DefaultSingletonBeanRegistry.getSingleton(DefaultSingletonBeanRegistry.java:373) ~[spring-beans-6.2.10.jar:6.2.10]
[INFO] [stdout] 	at org.springframework.beans.factory.support.AbstractBeanFactory.doGetBean(AbstractBeanFactory.java:337) ~[spring-beans-6.2.10.jar:6.2.10]
[INFO] [stdout] 	at org.springframework.beans.factory.support.AbstractBeanFactory.getBean(AbstractBeanFactory.java:207) ~[spring-beans-6.2.10.jar:6.2.10]
[INFO] [stdout] 	at org.springframework.context.support.AbstractApplicationContext.finishBeanFactoryInitialization(AbstractApplicationContext.java:970) ~[spring-context-6.2.10.jar:6.2.10]
[INFO] [stdout] 	at org.springframework.context.support.AbstractApplicationContext.refresh(AbstractApplicationContext.java:627) ~[spring-context-6.2.10.jar:6.2.10]
[INFO] [stdout] 	at org.springframework.boot.web.servlet.context.ServletWebServerApplicationContext.refresh(ServletWebServerApplicationContext.java:146) ~[spring-boot-3.5.5.jar:3.5.5]
[INFO] [stdout] 	at org.springframework.boot.SpringApplication.refresh(SpringApplication.java:752) ~[spring-boot-3.5.5.jar:3.5.5]
[INFO] [stdout] 	at org.springframework.boot.SpringApplication.refreshContext(SpringApplication.java:439) ~[spring-boot-3.5.5.jar:3.5.5]
[INFO] [stdout] 	at org.springframework.boot.SpringApplication.run(SpringApplication.java:318) ~[spring-boot-3.5.5.jar:3.5.5]
[INFO] [stdout] 	at org.springframework.boot.SpringApplication.run(SpringApplication.java:1361) ~[spring-boot-3.5.5.jar:3.5.5]
[INFO] [stdout] 	at org.springframework.boot.SpringApplication.run(SpringApplication.java:1350) ~[spring-boot-3.5.5.jar:3.5.5]
[INFO] [stdout] 	at com.example.backend.BackendApplication.main(BackendApplication.java:10) ~[classes/:na]
[INFO] [stdout] Caused by: jakarta.persistence.PersistenceException: [PersistenceUnit: default] Unable to build Hibernate SessionFactory; nested exception is org.hibernate.exception.GenericJDBCException: Unable to open JDBC Connection for DDL execution [Access denied for user 'root'@'localhost' (using password: YES)] [n/a]
[INFO] [stdout] 	at org.springframework.orm.jpa.AbstractEntityManagerFactoryBean.buildNativeEntityManagerFactory(AbstractEntityManagerFactoryBean.java:431) ~[spring-orm-6.2.10.jar:6.2.10]
[INFO] [stdout] 	at org.springframework.orm.jpa.AbstractEntityManagerFactoryBean.afterPropertiesSet(AbstractEntityManagerFactoryBean.java:400) ~[spring-orm-6.2.10.jar:6.2.10]
[INFO] [stdout] 	at org.springframework.orm.jpa.LocalContainerEntityManagerFactoryBean.afterPropertiesSet(LocalContainerEntityManagerFactoryBean.java:366) ~[spring-orm-6.2.10.jar:6.2.10]
[INFO] [stdout] 	at org.springframework.beans.factory.support.AbstractAutowireCapableBeanFactory.invokeInitMethods(AbstractAutowireCapableBeanFactory.java:1873) ~[spring-beans-6.2.10.jar:6.2.10]
[INFO] [stdout] 	at org.springframework.beans.factory.support.AbstractAutowireCapableBeanFactory.initializeBean(AbstractAutowireCapableBeanFactory.java:1822) ~[spring-beans-6.2.10.jar:6.2.10]
[INFO] [stdout] 	... 15 common frames omitted
[INFO] [stdout] Caused by: org.hibernate.exception.GenericJDBCException: Unable to open JDBC Connection for DDL execution [Access denied for user 'root'@'localhost' (using password: YES)] [n/a]
[INFO] [stdout] 	at org.hibernate.exception.internal.StandardSQLExceptionConverter.convert(StandardSQLExceptionConverter.java:63) ~[hibernate-core-6.6.26.Final.jar:6.6.26.Final]
[INFO] [stdout] 	at org.hibernate.engine.jdbc.spi.SqlExceptionHelper.convert(SqlExceptionHelper.java:108) ~[hibernate-core-6.6.26.Final.jar:6.6.26.Final]
[INFO] [stdout] 	at org.hibernate.engine.jdbc.spi.SqlExceptionHelper.convert(SqlExceptionHelper.java:94) ~[hibernate-core-6.6.26.Final.jar:6.6.26.Final]
[INFO] [stdout] 	at org.hibernate.resource.transaction.backend.jdbc.internal.DdlTransactionIsolatorNonJtaImpl.getIsolatedConnection(DdlTransactionIsolatorNonJtaImpl.java:74) ~[hibernate-core-6.6.26.Final.jar:6.6.26.Final]
[INFO] [stdout] 	at org.hibernate.resource.transaction.backend.jdbc.internal.DdlTransactionIsolatorNonJtaImpl.getIsolatedConnection(DdlTransactionIsolatorNonJtaImpl.java:39) ~[hibernate-core-6.6.26.Final.jar:6.6.26.Final]
[INFO] [stdout] 	at org.hibernate.tool.schema.internal.exec.ImprovedExtractionContextImpl.getJdbcConnection(ImprovedExtractionContextImpl.java:63) ~[hibernate-core-6.6.26.Final.jar:6.6.26.Final]
[INFO] [stdout] 	at org.hibernate.tool.schema.internal.exec.ImprovedExtractionContextImpl.getJdbcDatabaseMetaData(ImprovedExtractionContextImpl.java:70) ~[hibernate-core-6.6.26.Final.jar:6.6.26.Final]
[INFO] [stdout] 	at org.hibernate.tool.schema.extract.internal.InformationExtractorJdbcDatabaseMetaDataImpl.processTableResultSet(InformationExtractorJdbcDatabaseMetaDataImpl.java:65) ~[hibernate-core-6.6.26.Final.jar:6.6.26.Final]
[INFO] [stdout] 	at org.hibernate.tool.schema.extract.internal.AbstractInformationExtractorImpl.getTables(AbstractInformationExtractorImpl.java:570) ~[hibernate-core-6.6.26.Final.jar:6.6.26.Final]
[INFO] [stdout] 	at org.hibernate.tool.schema.extract.internal.DatabaseInformationImpl.getTablesInformation(DatabaseInformationImpl.java:122) ~[hibernate-core-6.6.26.Final.jar:6.6.26.Final]
[INFO] [stdout] 	at org.hibernate.tool.schema.internal.GroupedSchemaMigratorImpl.performTablesMigration(GroupedSchemaMigratorImpl.java:72) ~[hibernate-core-6.6.26.Final.jar:6.6.26.Final]
[INFO] [stdout] 	at org.hibernate.tool.schema.internal.AbstractSchemaMigrator.performMigration(AbstractSchemaMigrator.java:233) ~[hibernate-core-6.6.26.Final.jar:6.6.26.Final]
[INFO] [stdout] 	at org.hibernate.tool.schema.internal.AbstractSchemaMigrator.doMigration(AbstractSchemaMigrator.java:112) ~[hibernate-core-6.6.26.Final.jar:6.6.26.Final]
[INFO] [stdout] 	at org.hibernate.tool.schema.spi.SchemaManagementToolCoordinator.performDatabaseAction(SchemaManagementToolCoordinator.java:280) ~[hibernate-core-6.6.26.Final.jar:6.6.26.Final]
[INFO] [stdout] 	at org.hibernate.tool.schema.spi.SchemaManagementToolCoordinator.lambda$process$5(SchemaManagementToolCoordinator.java:144) ~[hibernate-core-6.6.26.Final.jar:6.6.26.Final]
[INFO] [stdout] 	at java.base/java.util.HashMap.forEach(HashMap.java:1430) ~[na:na]
[INFO] [stdout] 	at org.hibernate.tool.schema.spi.SchemaManagementToolCoordinator.process(SchemaManagementToolCoordinator.java:141) ~[hibernate-core-6.6.26.Final.jar:6.6.26.Final]
[INFO] [stdout] 	at org.hibernate.boot.internal.SessionFactoryObserverForSchemaExport.sessionFactoryCreated(SessionFactoryObserverForSchemaExport.java:37) ~[hibernate-core-6.6.26.Final.jar:6.6.26.Final]
[INFO] [stdout] 	at org.hibernate.internal.SessionFactoryObserverChain.sessionFactoryCreated(SessionFactoryObserverChain.java:35) ~[hibernate-core-6.6.26.Final.jar:6.6.26.Final]
[INFO] [stdout] 	at org.hibernate.internal.SessionFactoryImpl.<init>(SessionFactoryImpl.java:324) ~[hibernate-core-6.6.26.Final.jar:6.6.26.Final]
[INFO] [stdout] 	at org.hibernate.boot.internal.SessionFactoryBuilderImpl.build(SessionFactoryBuilderImpl.java:463) ~[hibernate-core-6.6.26.Final.jar:6.6.26.Final]
[INFO] [stdout] 	at org.hibernate.jpa.boot.internal.EntityManagerFactoryBuilderImpl.build(EntityManagerFactoryBuilderImpl.java:1517) ~[hibernate-core-6.6.26.Final.jar:6.6.26.Final]
[INFO] [stdout] 	at org.springframework.orm.jpa.vendor.SpringHibernateJpaPersistenceProvider.createContainerEntityManagerFactory(SpringHibernateJpaPersistenceProvider.java:66) ~[spring-orm-6.2.10.jar:6.2.10]
[INFO] [stdout] 	at org.springframework.orm.jpa.LocalContainerEntityManagerFactoryBean.createNativeEntityManagerFactory(LocalContainerEntityManagerFactoryBean.java:390) ~[spring-orm-6.2.10.jar:6.2.10]
[INFO] [stdout] 	at org.springframework.orm.jpa.AbstractEntityManagerFactoryBean.buildNativeEntityManagerFactory(AbstractEntityManagerFactoryBean.java:419) ~[spring-orm-6.2.10.jar:6.2.10]
[INFO] [stdout] 	... 19 common frames omitted
[INFO] [stdout] Caused by: java.sql.SQLException: Access denied for user 'root'@'localhost' (using password: YES)
[INFO] [stdout] 	at com.mysql.cj.jdbc.exceptions.SQLError.createSQLException(SQLError.java:121) ~[mysql-connector-j-9.4.0.jar:9.4.0]
[INFO] [stdout] 	at com.mysql.cj.jdbc.exceptions.SQLExceptionsMapping.translateException(SQLExceptionsMapping.java:114) ~[mysql-connector-j-9.4.0.jar:9.4.0]
[INFO] [stdout] 	at com.mysql.cj.jdbc.ConnectionImpl.createNewIO(ConnectionImpl.java:839) ~[mysql-connector-j-9.4.0.jar:9.4.0]
[INFO] [stdout] 	at com.mysql.cj.jdbc.ConnectionImpl.<init>(ConnectionImpl.java:415) ~[mysql-connector-j-9.4.0.jar:9.4.0]
[INFO] [stdout] 	at com.mysql.cj.jdbc.ConnectionImpl.getInstance(ConnectionImpl.java:237) ~[mysql-connector-j-9.4.0.jar:9.4.0]
[INFO] [stdout] 	at com.mysql.cj.jdbc.NonRegisteringDriver.connect(NonRegisteringDriver.java:180) ~[mysql-connector-j-9.4.0.jar:9.4.0]
[INFO] [stdout] 	at com.zaxxer.hikari.util.DriverDataSource.getConnection(DriverDataSource.java:144) ~[HikariCP-6.3.2.jar:na]
[INFO] [stdout] 	at com.zaxxer.hikari.pool.PoolBase.newConnection(PoolBase.java:370) ~[HikariCP-6.3.2.jar:na]
[INFO] [stdout] 	at com.zaxxer.hikari.pool.PoolBase.newPoolEntry(PoolBase.java:207) ~[HikariCP-6.3.2.jar:na]
[INFO] [stdout] 	at com.zaxxer.hikari.pool.HikariPool.createPoolEntry(HikariPool.java:488) ~[HikariCP-6.3.2.jar:na]
[INFO] [stdout] 	at com.zaxxer.hikari.pool.HikariPool.checkFailFast(HikariPool.java:576) ~[HikariCP-6.3.2.jar:na]
[INFO] [stdout] 	at com.zaxxer.hikari.pool.HikariPool.<init>(HikariPool.java:97) ~[HikariCP-6.3.2.jar:na]
[INFO] [stdout] 	at com.zaxxer.hikari.HikariDataSource.getConnection(HikariDataSource.java:111) ~[HikariCP-6.3.2.jar:na]
[INFO] [stdout] 	at org.hibernate.engine.jdbc.connections.internal.DatasourceConnectionProviderImpl.getConnection(DatasourceConnectionProviderImpl.java:126) ~[hibernate-core-6.6.26.Final.jar:6.6.26.Final]
[INFO] [stdout] 	at org.hibernate.engine.jdbc.env.internal.JdbcEnvironmentInitiator$ConnectionProviderJdbcConnectionAccess.obtainConnection(JdbcEnvironmentInitiator.java:485) ~[hibernate-core-6.6.26.Final.jar:6.6.26.Final]
[INFO] [stdout] 	at org.hibernate.resource.transaction.backend.jdbc.internal.DdlTransactionIsolatorNonJtaImpl.getIsolatedConnection(DdlTransactionIsolatorNonJtaImpl.java:46) ~[hibernate-core-6.6.26.Final.jar:6.6.26.Final]
[INFO] [stdout] 	... 40 common frames omitted
[INFO] [stdout] 
[DEBUG] FAILURE build of project com.example:backend
[DEBUG] Builder state: blocked=0 finished=1 ready-or-running=0 
[DEBUG] ------------------------------------------------------------------------
[DEBUG] Build Time Summary:
[DEBUG] ------------------------------------------------------------------------
[DEBUG] backend [9.504s]
[DEBUG]   maven-resources-plugin:resources (default-resources) ..... [0.027s]
[DEBUG]   maven-compiler-plugin:compile (default-compile) .......... [0.082s]
[DEBUG]   maven-resources-plugin:testResources (default-testResource [0.015s]
[DEBUG]   maven-compiler-plugin:testCompile (default-testCompile) .. [0.060s]
[DEBUG]   spring-boot-maven-plugin:run (default-cli) ............... [9.318s]
[DEBUG] ------------------------------------------------------------------------
[DEBUG]   spring-boot-maven-plugin:run (default-cli) ............... [9.318s]
[DEBUG]   maven-compiler-plugin:compile (default-compile) .......... [0.082s]
[DEBUG]   maven-compiler-plugin:testCompile (default-testCompile) .. [0.060s]
[DEBUG]   maven-resources-plugin:resources (default-resources) ..... [0.027s]
[DEBUG]   maven-resources-plugin:testResources (default-testResource [0.015s]
[INFO] ------------------------------------------------------------------------
[INFO] BUILD FAILURE
[INFO] ------------------------------------------------------------------------
[INFO] Total time:  10.373 s (Wall Clock)
[INFO] Finished at: 2025-08-25T16:42:45+05:30
[INFO] ------------------------------------------------------------------------
[ERROR] Failed to execute goal org.springframework.boot:spring-boot-maven-plugin:3.5.5:run (default-cli) on project backend: Process terminated with exit code: 1 -> [Help 1]
org.apache.maven.lifecycle.LifecycleExecutionException: Failed to execute goal org.springframework.boot:spring-boot-maven-plugin:3.5.5:run (default-cli) on project backend: Process terminated with exit code: 1
    at org.apache.maven.lifecycle.internal.MojoExecutor.doExecute2 (MojoExecutor.java:333)
    at org.apache.maven.lifecycle.internal.MojoExecutor.doExecute (MojoExecutor.java:316)
    at org.apache.maven.lifecycle.internal.MojoExecutor.execute (MojoExecutor.java:212)
    at org.apache.maven.lifecycle.internal.MojoExecutor.execute (MojoExecutor.java:174)
    at org.apache.maven.lifecycle.internal.MojoExecutor.access$000 (MojoExecutor.java:75)
    at org.apache.maven.lifecycle.internal.MojoExecutor$1.run (MojoExecutor.java:162)
    at org.apache.maven.plugin.DefaultMojosExecutionStrategy.execute (DefaultMojosExecutionStrategy.java:39)
    at org.apache.maven.lifecycle.internal.MojoExecutor.execute (MojoExecutor.java:159)
    at org.apache.maven.lifecycle.internal.LifecycleModuleBuilder.buildProject (LifecycleModuleBuilder.java:105)
    at io.takari.maven.builder.smart.SmartBuilderImpl.buildProject (SmartBuilderImpl.java:206)
    at io.takari.maven.builder.smart.SmartBuilderImpl$ProjectBuildTask.run (SmartBuilderImpl.java:71)
    at java.util.concurrent.Executors$RunnableAdapter.call (Executors.java:545)
    at java.util.concurrent.FutureTask.run (FutureTask.java:328)
    at java.util.concurrent.ThreadPoolExecutor.runWorker (ThreadPoolExecutor.java:1095)
    at java.util.concurrent.ThreadPoolExecutor$Worker.run (ThreadPoolExecutor.java:619)
    at java.lang.Thread.run (Thread.java:1447)
Caused by: org.apache.maven.plugin.MojoExecutionException: Process terminated with exit code: 1
    at org.springframework.boot.maven.JavaProcessExecutor.run (JavaProcessExecutor.java:74)
    at org.springframework.boot.maven.RunMojo.run (RunMojo.java:84)
    at org.springframework.boot.maven.AbstractRunMojo.run (AbstractRunMojo.java:253)
    at org.springframework.boot.maven.AbstractRunMojo.execute (AbstractRunMojo.java:216)
    at org.apache.maven.plugin.DefaultBuildPluginManager.executeMojo (DefaultBuildPluginManager.java:126)
    at org.apache.maven.lifecycle.internal.MojoExecutor.doExecute2 (MojoExecutor.java:328)
    at org.apache.maven.lifecycle.internal.MojoExecutor.doExecute (MojoExecutor.java:316)
    at org.apache.maven.lifecycle.internal.MojoExecutor.execute (MojoExecutor.java:212)
    at org.apache.maven.lifecycle.internal.MojoExecutor.execute (MojoExecutor.java:174)
    at org.apache.maven.lifecycle.internal.MojoExecutor.access$000 (MojoExecutor.java:75)
    at org.apache.maven.lifecycle.internal.MojoExecutor$1.run (MojoExecutor.java:162)
    at org.apache.maven.plugin.DefaultMojosExecutionStrategy.execute (DefaultMojosExecutionStrategy.java:39)
    at org.apache.maven.lifecycle.internal.MojoExecutor.execute (MojoExecutor.java:159)
    at org.apache.maven.lifecycle.internal.LifecycleModuleBuilder.buildProject (LifecycleModuleBuilder.java:105)
    at io.takari.maven.builder.smart.SmartBuilderImpl.buildProject (SmartBuilderImpl.java:206)
    at io.takari.maven.builder.smart.SmartBuilderImpl$ProjectBuildTask.run (SmartBuilderImpl.java:71)
    at java.util.concurrent.Executors$RunnableAdapter.call (Executors.java:545)
    at java.util.concurrent.FutureTask.run (FutureTask.java:328)
    at java.util.concurrent.ThreadPoolExecutor.runWorker (ThreadPoolExecutor.java:1095)
    at java.util.concurrent.ThreadPoolExecutor$Worker.run (ThreadPoolExecutor.java:619)
    at java.lang.Thread.run (Thread.java:1447)
[ERROR] 
[ERROR] 
[ERROR] For more information about the errors and possible solutions, please read the following articles:
[ERROR] [Help 1] http://cwiki.apache.org/confluence/display/MAVEN/MojoExecutionException
